Water [kg],Cement [kg],Sand [kg],CA [kg],smax [mm],SP [kg],Fiber type,ρf,Vf [%],df [mm],Lf [mm],fcy [MPa],w/c,s/a,a/c,Lf /df ,ρfLf /df ,Lf_df_ratio,rho_f_x_Lf_df,fiber_factor
180.0,400.0,713.8,1027.2,31.5,5.4,Hooked,1.0,0.19,0.75,60.0,44.98,0.45,0.409994256174612,4.3525,80.0,80.0,80.0,80.0,15.2
180.0,400.0,713.8,1027.2,31.5,5.8,Hooked,1.0,0.32,0.75,60.0,45.45,0.45,0.409994256174612,4.3525,80.0,80.0,80.0,80.0,25.6
180.0,400.0,713.8,1027.2,31.5,6.2,Hooked,1.0,0.45,0.75,60.0,41.13,0.45,0.409994256174612,4.3525,80.0,80.0,80.0,80.0,36.0
180.0,400.0,713.8,1027.2,31.5,6.6,Hooked,1.0,0.58,0.75,60.0,46.65,0.45,0.409994256174612,4.3525,80.0,80.0,80.0,80.0,46.4
182.0,280.0,762.6,1097.4,31.5,3.4,Hooked,1.0,0.19,0.75,60.0,29.79,0.65,0.41,6.64285714285714,80.0,80.0,80.0,80.0,15.2
182.0,280.0,762.6,1097.4,31.5,4.2,Hooked,1.0,0.32,0.75,60.0,30.08,0.65,0.41,6.64285714285714,80.0,80.0,80.0,80.0,25.6
182.0,280.0,762.6,1097.4,31.5,5.0,Hooked,1.0,0.45,0.75,60.0,29.72,0.65,0.41,6.64285714285714,80.0,80.0,80.0,80.0,36.0
182.0,280.0,762.6,1097.4,31.5,5.6,Hooked,1.0,0.58,0.75,60.0,31.03,0.65,0.41,6.64285714285714,80.0,80.0,80.0,80.0,46.4
192.5,350.0,720.8,1037.2,31.5,5.3,Hooked,1.0,0.26,0.75,60.0,39.26,0.55,0.410011376564277,5.02285714285714,80.0,80.0,80.0,80.0,20.8
192.5,350.0,720.8,1037.2,31.5,5.6,Hooked,1.0,0.38,0.75,60.0,37.86,0.55,0.410011376564277,5.02285714285714,80.0,80.0,80.0,80.0,30.4
192.5,350.0,720.8,1037.2,31.5,5.6,Hooked,1.0,0.51,0.75,60.0,39.86,0.55,0.410011376564277,5.02285714285714,80.0,80.0,80.0,80.0,40.8
192.5,350.0,720.8,1037.2,31.5,5.3,Hooked,1.0,0.32,0.9,60.0,37.5,0.55,0.410011376564277,5.02285714285714,66.6666666666667,66.6666666666667,66.6666666666667,66.6666666666667,21.3333333333333
192.5,350.0,720.8,1037.2,31.5,5.3,Hooked,1.0,0.45,0.9,60.0,37.98,0.55,0.410011376564277,5.02285714285714,66.6666666666667,66.6666666666667,66.6666666666667,66.6666666666667,30.0
192.5,350.0,720.8,1037.2,31.5,5.6,Hooked,1.0,0.58,0.9,60.0,38.38,0.55,0.410011376564277,5.02285714285714,66.6666666666667,66.6666666666667,66.6666666666667,66.6666666666667,38.6666666666667
192.5,350.0,720.8,1037.2,31.5,5.3,Hooked,1.0,0.38,0.55,30.0,37.27,0.55,0.410011376564277,5.02285714285714,54.5454545454545,54.5454545454545,54.5454545454545,54.5454545454545,20.7272727272727
192.5,350.0,720.8,1037.2,31.5,5.3,Hooked,1.0,0.51,0.55,30.0,36.83,0.55,0.410011376564277,5.02285714285714,54.5454545454545,54.5454545454545,54.5454545454545,54.5454545454545,27.8181818181818
192.5,350.0,720.8,1037.2,31.5,5.6,Hooked,1.0,0.64,0.55,30.0,37.29,0.55,0.410011376564277,5.02285714285714,54.5454545454545,54.5454545454545,54.5454545454545,54.5454545454545,34.9090909090909
177.0,385.0,920.0,887.0,19.0,2.31,No fiber,0.0,0.0,0.0,0.0,31.4666666666667,0.45974025974026,0.509131156613171,4.69350649350649,0.0,0.0,0.0,0.0,0.0
177.0,385.0,914.0,877.0,19.0,3.9,Hooked,1.0,0.5,0.75,60.0,35.3142857142857,0.45974025974026,0.510329424902289,4.65194805194805,80.0,80.0,80.0,80.0,40.0
177.0,385.0,907.0,871.0,19.0,4.6,Hooked,1.0,1.0,0.75,60.0,36.0,0.45974025974026,0.510123734533183,4.61818181818182,80.0,80.0,80.0,80.0,80.0
177.0,354.0,915.0,878.0,19.0,2.478,No fiber,0.0,0.0,0.0,0.0,38.0038095238095,0.5,0.51031790295594,5.06497175141243,0.0,0.0,0.0,0.0,0.0
177.0,354.0,908.0,873.0,19.0,4.3,Hooked,1.0,0.5,0.75,60.0,40.9828571428571,0.5,0.509825940482875,5.03107344632768,80.0,80.0,80.0,80.0,40.0
177.0,354.0,901.0,866.0,19.0,5.0,Hooked,1.0,1.0,0.75,60.0,42.1333333333333,0.5,0.509903791737408,4.99152542372881,80.0,80.0,80.0,80.0,80.0
162.0,450.0,912.0,877.0,19.0,4.95,No fiber,0.0,0.0,0.0,0.0,42.3466666666667,0.36,0.509782001117943,3.97555555555556,0.0,0.0,0.0,0.0,0.0
162.0,450.0,906.0,868.0,19.0,5.9,Hooked,1.0,0.5,0.75,60.0,44.5257142857143,0.36,0.510710259301015,3.94222222222222,80.0,80.0,80.0,80.0,40.0
162.0,450.0,899.0,864.0,19.0,6.5,Hooked,1.0,1.0,0.75,60.0,45.8742857142857,0.36,0.509926262053318,3.91777777777778,80.0,80.0,80.0,80.0,80.0
162.0,414.0,906.0,870.0,19.0,4.968,No fiber,0.0,0.0,0.0,0.0,48.2590476190476,0.391304347826087,0.510135135135135,4.28985507246377,0.0,0.0,0.0,0.0,0.0
162.0,414.0,899.0,864.0,19.0,6.1,Hooked,1.0,0.5,0.75,60.0,50.9485714285714,0.391304347826087,0.509926262053318,4.25845410628019,80.0,80.0,80.0,80.0,40.0
162.0,414.0,893.0,858.0,19.0,6.3,Hooked,1.0,1.0,0.75,60.0,53.3104761904762,0.391304347826087,0.509994288977727,4.22946859903382,80.0,80.0,80.0,80.0,80.0
181.2,453.0,624.0,1242.0,22.0,1.0,No fiber,0.0,0.0,0.0,0.0,21.68,0.4,0.334405144694534,4.11920529801325,0.0,0.0,0.0,0.0,0.0
181.2,453.0,624.0,1242.0,22.0,1.0,Hooked,1.0,0.4,0.75,60.0,22.32,0.4,0.334405144694534,4.11920529801325,80.0,80.0,80.0,80.0,32.0
181.2,453.0,624.0,1242.0,22.0,1.0,Hooked,1.0,0.6,0.75,60.0,23.36,0.4,0.334405144694534,4.11920529801325,80.0,80.0,80.0,80.0,48.0
181.2,453.0,624.0,1242.0,22.0,1.0,Hooked,1.0,0.8,0.75,60.0,25.28,0.4,0.334405144694534,4.11920529801325,80.0,80.0,80.0,80.0,64.0
230.2,338.0,1049.2,760.0,10.0,0.7,No fiber,0.0,0.0,0.0,0.0,28.08,0.681065088757396,0.579924828653549,5.35266272189349,0.0,0.0,0.0,0.0,0.0
230.2,338.0,1049.2,760.0,10.0,0.7,Hooked,1.0,0.5,0.75,60.0,25.6,0.681065088757396,0.579924828653549,5.35266272189349,80.0,80.0,80.0,80.0,40.0
230.2,338.0,1049.2,760.0,10.0,0.7,Hooked,1.0,0.75,0.75,60.0,26.4,0.681065088757396,0.579924828653549,5.35266272189349,80.0,80.0,80.0,80.0,60.0
230.2,338.0,1049.2,760.0,10.0,0.7,Hooked,1.0,1.0,0.75,60.0,27.65,0.681065088757396,0.579924828653549,5.35266272189349,80.0,80.0,80.0,80.0,80.0
230.2,338.0,1049.2,760.0,10.0,0.7,Hooked,1.0,1.25,0.75,60.0,28.01,0.681065088757396,0.579924828653549,5.35266272189349,80.0,80.0,80.0,80.0,100.0
175.0,350.0,952.2,1398.8,20.0,4.5,No fiber,0.0,0.0,0.0,0.0,25.0895238095238,0.5,0.405019140791153,6.71714285714286,0.0,0.0,0.0,0.0,0.0
175.0,350.0,952.2,1398.8,20.0,4.5,Hooked,1.0,0.5,0.9,60.0,35.5580952380952,0.5,0.405019140791153,6.71714285714286,66.6666666666667,66.6666666666667,66.6666666666667,66.6666666666667,33.3333333333333
175.0,350.0,952.2,1398.8,20.0,4.5,Hooked,1.0,1.0,0.9,60.0,40.7619047619048,0.5,0.405019140791153,6.71714285714286,66.6666666666667,66.6666666666667,66.6666666666667,66.6666666666667,66.6666666666667
175.0,350.0,952.2,1398.8,20.0,4.5,Hooked,1.0,1.5,0.9,60.0,34.0342857142857,0.5,0.405019140791153,6.71714285714286,66.6666666666667,66.6666666666667,66.6666666666667,66.6666666666667,100.0
175.0,350.0,952.2,1398.8,20.0,4.5,Hooked,1.0,0.5,0.75,60.0,27.2990476190476,0.5,0.405019140791153,6.71714285714286,80.0,80.0,80.0,80.0,40.0
175.0,350.0,952.2,1398.8,20.0,4.5,Hooked,1.0,1.0,0.75,60.0,22.4914285714286,0.5,0.405019140791153,6.71714285714286,80.0,80.0,80.0,80.0,80.0
175.0,350.0,952.2,1398.8,20.0,4.5,Hooked,1.0,1.5,0.75,60.0,21.4019047619048,0.5,0.405019140791153,6.71714285714286,80.0,80.0,80.0,80.0,120.0
175.0,350.0,952.2,1360.0,20.0,4.5,No fiber,0.0,0.0,0.0,0.0,35.0476190476191,0.5,0.411815586886948,6.60628571428571,0.0,0.0,0.0,0.0,0.0
175.0,350.0,952.2,1360.0,20.0,4.5,Hooked,1.0,0.5,0.9,60.0,29.8438095238095,0.5,0.411815586886948,6.60628571428571,66.6666666666667,66.6666666666667,66.6666666666667,66.6666666666667,33.3333333333333
175.0,350.0,952.2,1360.0,20.0,4.5,Hooked,1.0,1.0,0.9,60.0,35.2533333333333,0.5,0.411815586886948,6.60628571428571,66.6666666666667,66.6666666666667,66.6666666666667,66.6666666666667,66.6666666666667
175.0,350.0,952.2,1360.0,20.0,4.5,Hooked,1.0,1.5,0.9,60.0,39.5961904761905,0.5,0.411815586886948,6.60628571428571,66.6666666666667,66.6666666666667,66.6666666666667,66.6666666666667,100.0
175.0,350.0,952.2,1360.0,20.0,4.5,Hooked,1.0,0.5,0.75,60.0,34.3847619047619,0.5,0.411815586886948,6.60628571428571,80.0,80.0,80.0,80.0,40.0
175.0,350.0,952.2,1360.0,20.0,4.5,Hooked,1.0,1.0,0.75,60.0,36.8228571428571,0.5,0.411815586886948,6.60628571428571,80.0,80.0,80.0,80.0,80.0
175.0,350.0,952.2,1360.0,20.0,4.5,Hooked,1.0,1.5,0.75,60.0,37.1047619047619,0.5,0.411815586886948,6.60628571428571,80.0,80.0,80.0,80.0,120.0
175.0,350.0,952.2,1340.6,20.0,4.5,No fiber,0.0,0.0,0.0,0.0,33.2190476190476,0.5,0.415300069783671,6.55085714285714,0.0,0.0,0.0,0.0,0.0
175.0,350.0,952.2,1340.6,20.0,4.5,Hooked,1.0,0.5,0.9,60.0,32.9676190476191,0.5,0.415300069783671,6.55085714285714,66.6666666666667,66.6666666666667,66.6666666666667,66.6666666666667,33.3333333333333
175.0,350.0,952.2,1340.6,20.0,4.5,Hooked,1.0,1.0,0.9,60.0,36.0914285714286,0.5,0.415300069783671,6.55085714285714,66.6666666666667,66.6666666666667,66.6666666666667,66.6666666666667,66.6666666666667
175.0,350.0,952.2,1340.6,20.0,4.5,Hooked,1.0,1.5,0.9,60.0,34.1561904761905,0.5,0.415300069783671,6.55085714285714,66.6666666666667,66.6666666666667,66.6666666666667,66.6666666666667,100.0
175.0,350.0,952.2,1340.6,20.0,4.5,Hooked,1.0,0.5,0.75,60.0,35.5809523809524,0.5,0.415300069783671,6.55085714285714,80.0,80.0,80.0,80.0,40.0
175.0,350.0,952.2,1340.6,20.0,4.5,Hooked,1.0,1.0,0.75,60.0,33.3942857142857,0.5,0.415300069783671,6.55085714285714,80.0,80.0,80.0,80.0,80.0
175.0,350.0,952.2,1340.6,20.0,4.5,Hooked,1.0,1.5,0.75,60.0,35.9847619047619,0.5,0.415300069783671,6.55085714285714,80.0,80.0,80.0,80.0,120.0
175.0,350.0,952.2,1321.2,20.0,4.5,No fiber,0.0,0.0,0.0,0.0,32.6857142857143,0.5,0.418844022169438,6.49542857142857,0.0,0.0,0.0,0.0,0.0
175.0,350.0,952.2,1321.2,20.0,4.5,Hooked,1.0,0.5,0.9,60.0,34.1333333333333,0.5,0.418844022169438,6.49542857142857,66.6666666666667,66.6666666666667,66.6666666666667,66.6666666666667,33.3333333333333
175.0,350.0,952.2,1321.2,20.0,4.5,Hooked,1.0,1.0,0.9,60.0,36.8761904761905,0.5,0.418844022169438,6.49542857142857,66.6666666666667,66.6666666666667,66.6666666666667,66.6666666666667,66.6666666666667
175.0,350.0,952.2,1321.2,20.0,4.5,Hooked,1.0,1.5,0.9,60.0,37.28,0.5,0.418844022169438,6.49542857142857,66.6666666666667,66.6666666666667,66.6666666666667,66.6666666666667,100.0
175.0,350.0,952.2,1321.2,20.0,4.5,Hooked,1.0,0.5,0.75,60.0,36.6247619047619,0.5,0.418844022169438,6.49542857142857,80.0,80.0,80.0,80.0,40.0
175.0,350.0,952.2,1321.2,20.0,4.5,Hooked,1.0,1.0,0.75,60.0,37.2571428571429,0.5,0.418844022169438,6.49542857142857,80.0,80.0,80.0,80.0,80.0
175.0,350.0,952.2,1321.2,20.0,4.5,Hooked,1.0,1.5,0.75,60.0,36.3657142857143,0.5,0.418844022169438,6.49542857142857,80.0,80.0,80.0,80.0,120.0
179.0,325.0,891.0,965.0,19.0,0.9,No fiber,0.0,0.0,0.0,0.0,47.2,0.550769230769231,0.480064655172414,5.71076923076923,0.0,0.0,0.0,0.0,0.0
179.0,325.0,891.0,965.0,19.0,0.9,Hooked,1.0,0.33,0.75,60.0,47.9,0.550769230769231,0.480064655172414,5.71076923076923,80.0,80.0,80.0,80.0,26.4
179.0,325.0,891.0,965.0,19.0,0.9,Hooked,1.0,0.67,0.75,60.0,48.3,0.550769230769231,0.480064655172414,5.71076923076923,80.0,80.0,80.0,80.0,53.6
179.0,325.0,891.0,965.0,19.0,0.9,Hooked,1.0,1.0,0.75,60.0,49.2,0.550769230769231,0.480064655172414,5.71076923076923,80.0,80.0,80.0,80.0,80.0
179.0,325.0,891.0,965.0,19.0,0.9,Hooked,1.0,0.33,0.71,60.0,49.4,0.550769230769231,0.480064655172414,5.71076923076923,84.5070422535211,84.5070422535211,84.5070422535211,84.5070422535211,27.887323943662
179.0,325.0,891.0,965.0,19.0,0.9,Hooked,1.0,0.67,0.71,60.0,47.5,0.550769230769231,0.480064655172414,5.71076923076923,84.5070422535211,84.5070422535211,84.5070422535211,84.5070422535211,56.6197183098592
179.0,325.0,891.0,965.0,19.0,0.9,Hooked,1.0,1.0,0.71,60.0,50.9,0.550769230769231,0.480064655172414,5.71076923076923,84.5070422535211,84.5070422535211,84.5070422535211,84.5070422535211,84.5070422535211
178.0,396.0,842.0,913.0,19.0,1.4,No fiber,0.0,0.0,0.0,0.0,56.8,0.44949494949495,0.47977207977208,4.43181818181818,0.0,0.0,0.0,0.0,0.0
178.0,396.0,842.0,913.0,19.0,1.4,Hooked,1.0,0.33,0.75,60.0,59.6,0.44949494949495,0.47977207977208,4.43181818181818,80.0,80.0,80.0,80.0,26.4
178.0,396.0,842.0,913.0,19.0,1.4,Hooked,1.0,0.67,0.75,60.0,60.5,0.44949494949495,0.47977207977208,4.43181818181818,80.0,80.0,80.0,80.0,53.6
178.0,396.0,842.0,913.0,19.0,1.4,Hooked,1.0,1.0,0.75,60.0,59.9,0.44949494949495,0.47977207977208,4.43181818181818,80.0,80.0,80.0,80.0,80.0
178.0,396.0,842.0,913.0,19.0,1.4,Hooked,1.0,0.33,0.71,60.0,56.9,0.44949494949495,0.47977207977208,4.43181818181818,84.5070422535211,84.5070422535211,84.5070422535211,84.5070422535211,27.887323943662
178.0,396.0,842.0,913.0,19.0,1.4,Hooked,1.0,0.67,0.71,60.0,59.4,0.44949494949495,0.47977207977208,4.43181818181818,84.5070422535211,84.5070422535211,84.5070422535211,84.5070422535211,56.6197183098592
178.0,396.0,842.0,913.0,19.0,1.4,Hooked,1.0,1.0,0.71,60.0,61.1,0.44949494949495,0.47977207977208,4.43181818181818,84.5070422535211,84.5070422535211,84.5070422535211,84.5070422535211,84.5070422535211
175.6,351.0,914.8,994.7,22.0,2.7,Hooked,1.0,0.26,1.0,50.0,33.28,0.5002849002849,0.479078292746792,5.44017094017094,50.0,50.0,50.0,50.0,13.0
175.6,351.0,914.8,994.7,22.0,2.7,Hooked,1.0,0.45,1.0,50.0,33.36,0.5002849002849,0.479078292746792,5.44017094017094,50.0,50.0,50.0,50.0,22.5
205.3,311.0,665.0,1170.0,20.0,3.1,No fiber,0.0,0.0,0.0,0.0,31.2,0.660128617363344,0.362397820163488,5.90032154340836,0.0,0.0,0.0,0.0,0.0
205.0,366.0,623.0,1156.0,20.0,4.4,No fiber,0.0,0.0,0.0,0.0,42.4,0.560109289617486,0.350196739741428,4.86065573770492,0.0,0.0,0.0,0.0,0.0
205.3,311.0,665.0,1170.0,20.0,3.1,Hooked,1.0,1.0,0.4,25.0,36.0,0.660128617363344,0.362397820163488,5.90032154340836,62.5,62.5,62.5,62.5,62.5
205.0,366.0,623.0,1156.0,20.0,4.4,Hooked,1.0,1.0,0.4,25.0,48.0,0.560109289617486,0.350196739741428,4.86065573770492,62.5,62.5,62.5,62.5,62.5
169.8,283.0,705.0,1071.0,10.0,2.8,Hooked,1.0,1.0,0.62,30.0,23.3,0.6,0.396959459459459,6.2756183745583,48.3870967741936,48.3870967741936,48.3870967741936,48.3870967741936,48.3870967741936
177.6,296.0,838.0,968.0,10.0,3.3,Hooked,1.0,1.5,0.62,30.0,30.0,0.6,0.464008859357697,6.10135135135135,48.3870967741936,48.3870967741936,48.3870967741936,48.3870967741936,72.5806451612903
220.0,440.0,1225.0,366.0,10.0,3.0,No fiber,0.0,0.0,0.0,0.0,37.28,0.5,0.769956002514142,3.61590909090909,0.0,0.0,0.0,0.0,0.0
220.0,440.0,1215.0,363.0,10.0,3.2,Hooked,1.0,0.5,0.75,31.0,40.32,0.5,0.769961977186312,3.58636363636364,41.3333333333333,41.3333333333333,41.3333333333333,41.3333333333333,20.6666666666667
220.0,440.0,1205.0,360.0,10.0,3.7,Hooked,1.0,1.0,0.75,31.0,35.12,0.5,0.769968051118211,3.55681818181818,41.3333333333333,41.3333333333333,41.3333333333333,41.3333333333333,41.3333333333333
220.0,440.0,1193.0,356.0,10.0,4.0,Hooked,1.0,1.5,0.75,31.0,40.16,0.5,0.770174306003873,3.52045454545454,41.3333333333333,41.3333333333333,41.3333333333333,41.3333333333333,62.0
220.0,440.0,1215.0,363.0,10.0,3.2,Crimped,0.75,0.5,0.75,25.0,39.84,0.5,0.769961977186312,3.58636363636364,33.3333333333333,25.0,33.3333333333333,25.0,16.6666666666667
220.0,440.0,1205.0,360.0,10.0,3.7,Crimped,0.75,1.0,0.75,25.0,36.8,0.5,0.769968051118211,3.55681818181818,33.3333333333333,25.0,33.3333333333333,25.0,33.3333333333333
220.0,440.0,1193.0,356.0,10.0,4.0,Crimped,0.75,1.5,0.75,25.0,43.84,0.5,0.770174306003873,3.52045454545454,33.3333333333333,25.0,33.3333333333333,25.0,50.0
190.1,322.0,1055.9,752.3,22.0,3.2,Hooked,1.0,0.19,0.5,30.0,29.0,0.590372670807453,0.583950890388231,5.61552795031056,60.0,60.0,60.0,60.0,11.4
191.2,324.0,1059.8,755.0,22.0,3.2,Hooked,1.0,0.38,0.5,30.0,40.0,0.590123456790123,0.583976195724047,5.60123456790123,60.0,60.0,60.0,60.0,22.8
190.3,322.0,1051.6,749.2,22.0,3.2,Hooked,1.0,0.57,0.5,30.0,35.0,0.590993788819876,0.583962683251888,5.59254658385093,60.0,60.0,60.0,60.0,34.2
191.6,324.0,1058.9,751.5,22.0,3.2,Hooked,1.0,0.76,0.5,30.0,48.0,0.591358024691358,0.584898365002209,5.58765432098765,60.0,60.0,60.0,60.0,45.6
191.6,324.0,1064.2,758.3,22.0,3.2,Hooked,1.0,0.19,0.75,60.0,42.0,0.591358024691358,0.583923182441701,5.625,80.0,80.0,80.0,80.0,15.2
191.2,324.0,1059.8,755.0,22.0,3.2,Hooked,1.0,0.38,0.75,60.0,40.0,0.590123456790123,0.583976195724047,5.60123456790123,80.0,80.0,80.0,80.0,30.4
191.4,324.0,1057.8,753.7,22.0,3.2,Hooked,1.0,0.57,0.75,60.0,35.0,0.590740740740741,0.583935964670163,5.59104938271605,80.0,80.0,80.0,80.0,45.6
191.2,324.0,1052.8,750.0,22.0,3.2,Hooked,1.0,0.76,0.75,60.0,34.0,0.590123456790123,0.583980474816951,5.5641975308642,80.0,80.0,80.0,80.0,60.8
185.0,410.0,915.0,866.0,20.0,2.0,Hooked,1.0,0.5,1.0,50.0,52.0,0.451219512195122,0.513756316676025,4.34390243902439,50.0,50.0,50.0,50.0,25.0
185.0,410.0,915.0,866.0,20.0,4.0,Hooked,1.0,1.0,1.0,50.0,50.0,0.451219512195122,0.513756316676025,4.34390243902439,50.0,50.0,50.0,50.0,50.0
168.0,373.0,800.0,975.0,14.0,3.0,Crimped,0.75,0.51,1.0,60.0,41.23,0.450402144772118,0.450704225352113,4.75871313672922,60.0,45.0,60.0,45.0,30.6
168.0,373.0,800.0,975.0,14.0,2.8,Hooked,1.0,0.51,1.0,54.0,40.85,0.450402144772118,0.450704225352113,4.75871313672922,54.0,54.0,54.0,54.0,27.54
168.0,341.0,800.0,975.0,14.0,5.0,Crimped,0.75,0.51,1.0,60.0,55.08,0.49266862170088,0.450704225352113,5.20527859237537,60.0,45.0,60.0,45.0,30.6
168.0,341.0,800.0,975.0,14.0,5.7,Hooked,1.0,0.51,1.0,54.0,53.71,0.49266862170088,0.450704225352113,5.20527859237537,54.0,54.0,54.0,54.0,27.54
150.0,429.0,800.0,975.0,14.0,8.0,Crimped,0.75,0.51,1.0,60.0,41.79,0.34965034965035,0.450704225352113,4.13752913752914,60.0,45.0,60.0,45.0,30.6
150.0,429.0,800.0,975.0,14.0,8.0,Hooked,1.0,0.51,1.0,54.0,43.97,0.34965034965035,0.450704225352113,4.13752913752914,54.0,54.0,54.0,54.0,27.54
150.0,393.0,800.0,975.0,14.0,9.0,Crimped,0.75,0.51,1.0,60.0,54.72,0.381679389312977,0.450704225352113,4.51653944020356,60.0,45.0,60.0,45.0,30.6
150.0,393.0,800.0,975.0,14.0,10.0,Hooked,1.0,0.51,1.0,54.0,57.29,0.381679389312977,0.450704225352113,4.51653944020356,54.0,54.0,54.0,54.0,27.54
150.0,393.0,800.0,975.0,14.0,11.0,Crimped,0.75,0.51,1.0,60.0,67.62,0.381679389312977,0.450704225352113,4.51653944020356,60.0,45.0,60.0,45.0,30.6
150.0,393.0,800.0,975.0,14.0,10.0,Hooked,1.0,0.51,1.0,54.0,62.6,0.381679389312977,0.450704225352113,4.51653944020356,54.0,54.0,54.0,54.0,27.54
167.0,375.0,805.0,982.0,14.0,0.5,Hooked,1.0,0.51,1.0,60.0,40.1,0.445333333333333,0.450475657526581,4.76533333333333,60.0,60.0,60.0,60.0,30.6
123.0,431.0,882.0,893.0,14.0,11.4,Hooked,1.0,0.49,1.0,60.0,50.6,0.28538283062645,0.496901408450704,4.11832946635731,60.0,60.0,60.0,60.0,29.4
151.0,439.0,818.0,998.0,14.0,4.4,Hooked,1.0,0.52,1.0,60.0,49.4,0.343963553530752,0.450440528634361,4.13667425968109,60.0,60.0,60.0,60.0,31.2
162.0,331.0,775.0,946.0,14.0,0.5,Hooked,1.0,0.49,1.0,60.0,48.0,0.489425981873112,0.450319581638582,5.19939577039275,60.0,60.0,60.0,60.0,29.4
123.0,381.0,856.0,855.0,14.0,6.3,Hooked,1.0,0.48,1.0,60.0,66.5,0.322834645669291,0.500292226767972,4.49081364829396,60.0,60.0,60.0,60.0,28.8
151.0,394.0,803.0,980.0,14.0,4.7,Hooked,1.0,0.51,1.0,60.0,66.7,0.383248730964467,0.450364554122266,4.5253807106599,60.0,60.0,60.0,60.0,30.6
164.0,366.0,785.0,957.0,14.0,0.8,Hooked,1.0,0.5,1.0,54.0,38.2,0.448087431693989,0.450631458094145,4.75956284153005,54.0,54.0,54.0,54.0,27.0
127.0,424.0,872.0,872.0,14.0,11.2,Hooked,1.0,0.49,1.0,54.0,46.5,0.299528301886792,0.5,4.11320754716981,54.0,54.0,54.0,54.0,26.46
145.0,419.0,781.0,952.0,14.0,4.7,Hooked,1.0,0.5,1.0,54.0,42.3,0.346062052505967,0.45066358915176,4.13603818615752,54.0,54.0,54.0,54.0,27.0
158.0,338.0,793.0,967.0,14.0,0.6,Hooked,1.0,0.51,1.0,54.0,50.0,0.467455621301775,0.450568181818182,5.20710059171598,54.0,54.0,54.0,54.0,27.54
123.0,382.0,858.0,860.0,14.0,6.3,Hooked,1.0,0.48,1.0,54.0,56.0,0.321989528795811,0.49941792782305,4.49738219895288,54.0,54.0,54.0,54.0,25.92
144.0,378.0,771.0,939.0,14.0,4.1,Hooked,1.0,0.49,1.0,54.0,48.6,0.380952380952381,0.450877192982456,4.52380952380952,54.0,54.0,54.0,54.0,26.46
162.0,331.0,776.0,946.0,14.0,0.6,Hooked,1.0,0.74,1.0,60.0,49.2,0.489425981873112,0.450638792102207,5.202416918429,60.0,60.0,60.0,60.0,44.4
134.0,414.0,845.0,846.0,14.0,6.0,Hooked,1.0,0.74,1.0,60.0,63.7,0.323671497584541,0.499704316972206,4.08454106280193,60.0,60.0,60.0,60.0,44.4
149.0,382.0,743.0,902.0,14.0,4.6,Hooked,1.0,0.72,1.0,60.0,51.1,0.390052356020942,0.451671732522796,4.30628272251309,60.0,60.0,60.0,60.0,43.2
159.0,325.0,761.0,928.0,14.0,0.7,Hooked,1.0,0.73,1.0,54.0,46.3,0.489230769230769,0.450562462995856,5.19692307692308,54.0,54.0,54.0,54.0,39.42
131.0,405.0,885.0,885.0,14.0,6.7,Hooked,1.0,0.75,1.0,54.0,69.6,0.323456790123457,0.5,4.37037037037037,54.0,54.0,54.0,54.0,40.5
145.0,373.0,741.0,903.0,14.0,4.5,Hooked,1.0,0.72,1.0,54.0,50.9,0.388739946380697,0.450729927007299,4.40750670241287,54.0,54.0,54.0,54.0,38.88
195.0,342.0,701.0,1143.0,20.0,10.3,No fiber,0.0,0.0,0.0,0.0,24.64,0.570175438596491,0.380151843817787,5.39181286549708,0.0,0.0,0.0,0.0,0.0
195.0,342.0,701.0,1143.0,20.0,10.3,Hooked,1.0,0.3,0.75,30.0,29.3333333333333,0.570175438596491,0.380151843817787,5.39181286549708,40.0,40.0,40.0,40.0,12.0
195.0,342.0,701.0,1143.0,20.0,10.3,Hooked,1.0,0.3,0.75,30.0,30.6285714285714,0.570175438596491,0.380151843817787,5.39181286549708,40.0,40.0,40.0,40.0,12.0
195.0,342.0,701.0,1143.0,20.0,10.3,Hooked,1.0,0.9,0.75,30.0,26.6666666666667,0.570175438596491,0.380151843817787,5.39181286549708,40.0,40.0,40.0,40.0,36.0
195.0,342.0,701.0,1143.0,20.0,10.3,Hooked,1.0,1.2,0.75,30.0,27.352380952381,0.570175438596491,0.380151843817787,5.39181286549708,40.0,40.0,40.0,40.0,48.0
195.0,342.0,701.0,1143.0,20.0,10.3,Hooked,1.0,1.5,0.75,30.0,30.4761904761905,0.570175438596491,0.380151843817787,5.39181286549708,40.0,40.0,40.0,40.0,60.0
185.0,308.3,723.9,1232.7,20.0,0.0,No fiber,0.0,0.0,0.0,0.0,26.672,0.600064871878041,0.369978534191966,6.34641582873824,0.0,0.0,0.0,0.0,0.0
185.0,308.3,730.9,1198.2,20.0,0.0,Hooked,1.0,0.35,0.75,35.0,33.6,0.600064871878041,0.378881343631745,6.25721699643205,46.6666666666667,46.6666666666667,46.6666666666667,46.6666666666667,16.3333333333333
185.0,308.3,733.9,1183.4,20.0,0.3083,Hooked,1.0,0.5,0.75,35.0,30.48,0.600064871878041,0.382777864705576,6.21894258838793,46.6666666666667,46.6666666666667,46.6666666666667,46.6666666666667,23.3333333333333
185.0,308.3,743.9,1134.2,20.0,0.6166,Hooked,1.0,1.0,0.75,35.0,35.76,0.600064871878041,0.3960917948991,6.09179370742783,46.6666666666667,46.6666666666667,46.6666666666667,46.6666666666667,46.6666666666667
185.0,308.3,753.9,1084.9,20.0,0.9249,Hooked,1.0,1.5,0.75,35.0,34.56,0.600064871878041,0.409995649336524,5.96432046707752,46.6666666666667,46.6666666666667,46.6666666666667,46.6666666666667,70.0
185.0,308.3,763.9,1035.7,20.0,1.8498,Hooked,1.0,2.0,0.75,35.0,37.76,0.600064871878041,0.424483218492998,5.83717158611742,46.6666666666667,46.6666666666667,46.6666666666667,46.6666666666667,93.3333333333333
185.0,308.3,733.9,1183.4,20.0,0.3083,Hooked,1.0,0.35,0.55,35.0,28.64,0.600064871878041,0.382777864705576,6.21894258838793,63.6363636363636,63.6363636363636,63.6363636363636,63.6363636363636,22.2727272727273
185.0,308.3,743.9,1134.2,20.0,0.6166,Hooked,1.0,0.5,0.55,35.0,33.76,0.600064871878041,0.3960917948991,6.09179370742783,63.6363636363636,63.6363636363636,63.6363636363636,63.6363636363636,31.8181818181818
185.0,308.3,763.9,1035.7,20.0,1.8498,Hooked,1.0,1.0,0.55,35.0,36.64,0.600064871878041,0.424483218492998,5.83717158611742,63.6363636363636,63.6363636363636,63.6363636363636,63.6363636363636,63.6363636363636
175.0,388.8,679.0,1208.1,20.0,1.1664,No fiber,0.0,0.0,0.0,0.0,38.44,0.450102880658436,0.359811350749828,4.85365226337449,0.0,0.0,0.0,0.0,0.0
175.0,388.8,688.7,1158.1,20.0,1.5552,Hooked,1.0,0.5,0.75,35.0,41.68,0.450102880658436,0.372915312973792,4.75,46.6666666666667,46.6666666666667,46.6666666666667,46.6666666666667,23.3333333333333
175.0,388.8,698.4,1109.1,20.0,1.7496,Hooked,1.0,1.0,0.75,35.0,45.84,0.450102880658436,0.386390041493776,4.64891975308642,46.6666666666667,46.6666666666667,46.6666666666667,46.6666666666667,46.6666666666667
175.0,388.8,688.7,1158.1,20.0,1.5552,Hooked,1.0,0.5,0.55,35.0,42.96,0.450102880658436,0.372915312973792,4.75,63.6363636363636,63.6363636363636,63.6363636363636,63.6363636363636,31.8181818181818
175.0,388.8,698.4,1109.1,20.0,1.7496,Hooked,1.0,1.0,0.55,35.0,43.12,0.450102880658436,0.386390041493776,4.64891975308642,63.6363636363636,63.6363636363636,63.6363636363636,63.6363636363636,63.6363636363636
164.0,529.1,679.0,1207.1,20.0,3.1746,No fiber,0.0,0.0,0.0,0.0,50.24,0.30996030996031,0.360002120778326,3.56473256473256,0.0,0.0,0.0,0.0,0.0
164.0,529.1,639.3,1090.2,20.0,3.96825,Hooked,1.0,0.35,0.75,35.0,54.88,0.30996030996031,0.369644405897658,3.26875826875827,46.6666666666667,46.6666666666667,46.6666666666667,46.6666666666667,16.3333333333333
164.0,529.1,642.2,1075.5,20.0,3.96825,Hooked,1.0,0.5,0.75,35.0,51.52,0.30996030996031,0.373872038190604,3.24645624645625,46.6666666666667,46.6666666666667,46.6666666666667,46.6666666666667,23.3333333333333
164.0,529.1,651.9,1026.5,20.0,4.33862,Hooked,1.0,1.0,0.75,35.0,56.56,0.30996030996031,0.388405624404194,3.17217917217917,46.6666666666667,46.6666666666667,46.6666666666667,46.6666666666667,46.6666666666667
164.0,529.1,639.3,1090.2,20.0,3.96825,Hooked,1.0,0.35,0.55,35.0,52.24,0.30996030996031,0.369644405897658,3.26875826875827,63.6363636363636,63.6363636363636,63.6363636363636,63.6363636363636,22.2727272727273
164.0,529.1,642.2,1075.5,20.0,3.96825,Hooked,1.0,0.5,0.55,35.0,52.56,0.30996030996031,0.373872038190604,3.24645624645625,63.6363636363636,63.6363636363636,63.6363636363636,63.6363636363636,31.8181818181818
164.0,529.1,651.9,1026.5,20.0,4.33862,Hooked,1.0,1.0,0.55,35.0,57.52,0.30996030996031,0.388405624404194,3.17217917217917,63.6363636363636,63.6363636363636,63.6363636363636,63.6363636363636,63.6363636363636
164.0,529.1,661.6,977.5,20.0,4.7619,Hooked,1.0,1.5,0.55,35.0,56.24,0.30996030996031,0.403636141785126,3.0979020979021,63.6363636363636,63.6363636363636,63.6363636363636,63.6363636363636,95.4545454545455
164.0,529.1,671.3,928.6,20.0,5.8201,Hooked,1.0,2.0,0.55,35.0,65.44,0.30996030996031,0.419588724295268,3.02381402381402,63.6363636363636,63.6363636363636,63.6363636363636,63.6363636363636,127.272727272727
195.0,336.0,750.0,1145.0,10.0,0.0,No fiber,0.0,0.0,0.0,0.0,25.84,0.580357142857143,0.395778364116095,5.63988095238095,0.0,0.0,0.0,0.0,0.0
195.0,336.0,750.0,1145.0,20.0,0.0,No fiber,0.0,0.0,0.0,0.0,26.96,0.580357142857143,0.395778364116095,5.63988095238095,0.0,0.0,0.0,0.0,0.0
195.0,336.0,750.0,1145.0,30.0,0.0,No fiber,0.0,0.0,0.0,0.0,28.56,0.580357142857143,0.395778364116095,5.63988095238095,0.0,0.0,0.0,0.0,0.0
195.0,336.0,750.0,1145.0,40.0,0.0,No fiber,0.0,0.0,0.0,0.0,26.8,0.580357142857143,0.395778364116095,5.63988095238095,0.0,0.0,0.0,0.0,0.0
195.0,336.0,750.0,1145.0,10.0,0.0,Hooked,1.0,1.0,0.75,30.0,28.24,0.580357142857143,0.395778364116095,5.63988095238095,40.0,40.0,40.0,40.0,40.0
195.0,336.0,750.0,1145.0,10.0,0.0,Hooked,1.0,1.0,0.75,40.0,28.56,0.580357142857143,0.395778364116095,5.63988095238095,53.3333333333333,53.3333333333333,53.3333333333333,53.3333333333333,53.3333333333333
195.0,336.0,750.0,1145.0,20.0,0.0,Hooked,1.0,1.0,0.75,30.0,33.52,0.580357142857143,0.395778364116095,5.63988095238095,40.0,40.0,40.0,40.0,40.0
195.0,336.0,750.0,1145.0,20.0,0.0,Hooked,1.0,1.0,0.75,40.0,33.12,0.580357142857143,0.395778364116095,5.63988095238095,53.3333333333333,53.3333333333333,53.3333333333333,53.3333333333333,53.3333333333333
195.0,336.0,750.0,1145.0,20.0,0.0,Hooked,1.0,1.0,0.75,50.0,34.08,0.580357142857143,0.395778364116095,5.63988095238095,66.6666666666667,66.6666666666667,66.6666666666667,66.6666666666667,66.6666666666667
195.0,336.0,750.0,1145.0,20.0,0.0,Hooked,1.0,1.0,0.75,60.0,33.04,0.580357142857143,0.395778364116095,5.63988095238095,80.0,80.0,80.0,80.0,80.0
195.0,336.0,750.0,1145.0,30.0,0.0,Hooked,1.0,1.0,0.75,30.0,32.56,0.580357142857143,0.395778364116095,5.63988095238095,40.0,40.0,40.0,40.0,40.0
195.0,336.0,750.0,1145.0,30.0,0.0,Hooked,1.0,1.0,0.75,40.0,34.64,0.580357142857143,0.395778364116095,5.63988095238095,53.3333333333333,53.3333333333333,53.3333333333333,53.3333333333333,53.3333333333333
195.0,336.0,750.0,1145.0,30.0,0.0,Hooked,1.0,1.0,0.75,50.0,33.6,0.580357142857143,0.395778364116095,5.63988095238095,66.6666666666667,66.6666666666667,66.6666666666667,66.6666666666667,66.6666666666667
195.0,336.0,750.0,1145.0,30.0,0.0,Hooked,1.0,1.0,0.75,60.0,32.0,0.580357142857143,0.395778364116095,5.63988095238095,80.0,80.0,80.0,80.0,80.0
195.0,336.0,750.0,1145.0,40.0,0.0,Hooked,1.0,1.0,0.75,50.0,32.56,0.580357142857143,0.395778364116095,5.63988095238095,66.6666666666667,66.6666666666667,66.6666666666667,66.6666666666667,66.6666666666667
195.0,336.0,750.0,1145.0,40.0,0.0,Hooked,1.0,1.0,0.75,60.0,32.24,0.580357142857143,0.395778364116095,5.63988095238095,80.0,80.0,80.0,80.0,80.0
172.0,521.0,652.0,1080.0,10.0,5.21,No fiber,0.0,0.0,0.0,0.0,52.08,0.330134357005758,0.376443418013857,3.32437619961612,0.0,0.0,0.0,0.0,0.0
172.0,521.0,652.0,1080.0,20.0,5.21,No fiber,0.0,0.0,0.0,0.0,56.96,0.330134357005758,0.376443418013857,3.32437619961612,0.0,0.0,0.0,0.0,0.0
172.0,521.0,652.0,1080.0,30.0,5.21,No fiber,0.0,0.0,0.0,0.0,55.12,0.330134357005758,0.376443418013857,3.32437619961612,0.0,0.0,0.0,0.0,0.0
172.0,521.0,652.0,1080.0,40.0,5.21,No fiber,0.0,0.0,0.0,0.0,54.64,0.330134357005758,0.376443418013857,3.32437619961612,0.0,0.0,0.0,0.0,0.0
172.0,521.0,652.0,1080.0,10.0,5.21,Hooked,1.0,1.0,0.75,30.0,61.04,0.330134357005758,0.376443418013857,3.32437619961612,40.0,40.0,40.0,40.0,40.0
172.0,521.0,652.0,1080.0,10.0,5.21,Hooked,1.0,1.0,0.75,40.0,63.36,0.330134357005758,0.376443418013857,3.32437619961612,53.3333333333333,53.3333333333333,53.3333333333333,53.3333333333333,53.3333333333333
172.0,521.0,652.0,1080.0,20.0,5.21,Hooked,1.0,1.0,0.75,30.0,62.88,0.330134357005758,0.376443418013857,3.32437619961612,40.0,40.0,40.0,40.0,40.0
172.0,521.0,652.0,1080.0,20.0,5.21,Hooked,1.0,1.0,0.75,40.0,66.32,0.330134357005758,0.376443418013857,3.32437619961612,53.3333333333333,53.3333333333333,53.3333333333333,53.3333333333333,53.3333333333333
172.0,521.0,652.0,1080.0,20.0,5.21,Hooked,1.0,1.0,0.75,50.0,64.4,0.330134357005758,0.376443418013857,3.32437619961612,66.6666666666667,66.6666666666667,66.6666666666667,66.6666666666667,66.6666666666667
172.0,521.0,652.0,1080.0,20.0,5.21,Hooked,1.0,1.0,0.75,60.0,65.44,0.330134357005758,0.376443418013857,3.32437619961612,80.0,80.0,80.0,80.0,80.0
172.0,521.0,652.0,1080.0,30.0,5.21,Hooked,1.0,1.0,0.75,30.0,67.44,0.330134357005758,0.376443418013857,3.32437619961612,40.0,40.0,40.0,40.0,40.0
172.0,521.0,652.0,1080.0,30.0,5.21,Hooked,1.0,1.0,0.75,40.0,64.16,0.330134357005758,0.376443418013857,3.32437619961612,53.3333333333333,53.3333333333333,53.3333333333333,53.3333333333333,53.3333333333333
172.0,521.0,652.0,1080.0,30.0,5.21,Hooked,1.0,1.0,0.75,50.0,65.92,0.330134357005758,0.376443418013857,3.32437619961612,66.6666666666667,66.6666666666667,66.6666666666667,66.6666666666667,66.6666666666667
172.0,521.0,652.0,1080.0,30.0,5.21,Hooked,1.0,1.0,0.75,60.0,61.76,0.330134357005758,0.376443418013857,3.32437619961612,80.0,80.0,80.0,80.0,80.0
172.0,521.0,652.0,1080.0,40.0,5.21,Hooked,1.0,1.0,0.75,50.0,65.6,0.330134357005758,0.376443418013857,3.32437619961612,66.6666666666667,66.6666666666667,66.6666666666667,66.6666666666667,66.6666666666667
172.0,521.0,652.0,1080.0,40.0,5.21,Hooked,1.0,1.0,0.75,60.0,63.76,0.330134357005758,0.376443418013857,3.32437619961612,80.0,80.0,80.0,80.0,80.0
166.0,286.0,739.0,1259.0,20.0,0.0,No fiber,0.0,0.0,0.0,0.0,28.0,0.58041958041958,0.36986986986987,6.98601398601399,0.0,0.0,0.0,0.0,0.0
166.0,286.0,739.0,1236.0,20.0,0.0,Hooked,1.0,0.5,0.75,30.0,30.3,0.58041958041958,0.374177215189873,6.90559440559441,40.0,40.0,40.0,40.0,20.0
166.0,286.0,739.0,1214.0,20.0,0.0,Hooked,1.0,1.0,0.75,30.0,31.0,0.58041958041958,0.378392217101895,6.82867132867133,40.0,40.0,40.0,40.0,40.0
166.0,286.0,739.0,1192.0,20.0,0.0,Hooked,1.0,1.5,0.75,30.0,31.6,0.58041958041958,0.38270326255826,6.75174825174825,40.0,40.0,40.0,40.0,60.0
166.0,286.0,739.0,1170.0,20.0,0.572,Hooked,1.0,2.0,0.75,30.0,32.9,0.58041958041958,0.387113672079623,6.67482517482518,40.0,40.0,40.0,40.0,80.0
166.0,286.0,739.0,1236.0,20.0,0.0,Hooked,1.0,0.5,0.75,35.0,29.5,0.58041958041958,0.374177215189873,6.90559440559441,46.6666666666667,46.6666666666667,46.6666666666667,46.6666666666667,23.3333333333333
166.0,286.0,739.0,1214.0,20.0,0.0,Hooked,1.0,1.0,0.75,35.0,30.8,0.58041958041958,0.378392217101895,6.82867132867133,46.6666666666667,46.6666666666667,46.6666666666667,46.6666666666667,46.6666666666667
166.0,286.0,739.0,1192.0,20.0,0.0,Hooked,1.0,1.5,0.75,35.0,31.8,0.58041958041958,0.38270326255826,6.75174825174825,46.6666666666667,46.6666666666667,46.6666666666667,46.6666666666667,70.0
166.0,286.0,739.0,1170.0,20.0,0.572,Hooked,1.0,2.0,0.75,35.0,32.6,0.58041958041958,0.387113672079623,6.67482517482518,46.6666666666667,46.6666666666667,46.6666666666667,46.6666666666667,93.3333333333333
166.0,286.0,739.0,1236.0,20.0,0.0,Hooked,1.0,0.5,0.75,40.0,28.7,0.58041958041958,0.374177215189873,6.90559440559441,53.3333333333333,53.3333333333333,53.3333333333333,53.3333333333333,26.6666666666667
166.0,286.0,739.0,1214.0,20.0,0.0,Hooked,1.0,1.0,0.75,40.0,29.7,0.58041958041958,0.378392217101895,6.82867132867133,53.3333333333333,53.3333333333333,53.3333333333333,53.3333333333333,53.3333333333333
166.0,286.0,739.0,1192.0,20.0,0.0,Hooked,1.0,1.5,0.75,40.0,31.1,0.58041958041958,0.38270326255826,6.75174825174825,53.3333333333333,53.3333333333333,53.3333333333333,53.3333333333333,80.0
166.0,286.0,739.0,1170.0,20.0,0.572,Hooked,1.0,2.0,0.75,40.0,31.8,0.58041958041958,0.387113672079623,6.67482517482518,53.3333333333333,53.3333333333333,53.3333333333333,53.3333333333333,106.666666666667
166.0,286.0,739.0,1236.0,20.0,0.0,Crimped,0.75,0.5,0.75,35.0,29.7,0.58041958041958,0.374177215189873,6.90559440559441,46.6666666666667,35.0,46.6666666666667,35.0,23.3333333333333
166.0,286.0,739.0,1214.0,20.0,0.0,Crimped,0.75,1.0,0.75,35.0,30.3,0.58041958041958,0.378392217101895,6.82867132867133,46.6666666666667,35.0,46.6666666666667,35.0,46.6666666666667
166.0,286.0,739.0,1192.0,20.0,0.0,Crimped,0.75,1.5,0.75,35.0,31.0,0.58041958041958,0.38270326255826,6.75174825174825,46.6666666666667,35.0,46.6666666666667,35.0,70.0
166.0,286.0,739.0,1170.0,20.0,0.572,Crimped,0.75,2.0,0.75,35.0,31.6,0.58041958041958,0.387113672079623,6.67482517482518,46.6666666666667,35.0,46.6666666666667,35.0,93.3333333333333
166.0,286.0,739.0,1236.0,20.0,0.0,Crimped,0.75,0.5,0.75,35.0,29.2,0.58041958041958,0.374177215189873,6.90559440559441,46.6666666666667,35.0,46.6666666666667,35.0,23.3333333333333
166.0,286.0,739.0,1214.0,20.0,0.0,Crimped,0.75,1.0,0.75,35.0,31.7,0.58041958041958,0.378392217101895,6.82867132867133,46.6666666666667,35.0,46.6666666666667,35.0,46.6666666666667
166.0,286.0,739.0,1192.0,20.0,0.0,Crimped,0.75,1.5,0.75,35.0,32.2,0.58041958041958,0.38270326255826,6.75174825174825,46.6666666666667,35.0,46.6666666666667,35.0,70.0
166.0,286.0,739.0,1170.0,20.0,0.572,Crimped,0.75,2.0,0.75,35.0,33.0,0.58041958041958,0.387113672079623,6.67482517482518,46.6666666666667,35.0,46.6666666666667,35.0,93.3333333333333
165.0,367.0,765.0,1146.0,16.0,2.202,No fiber,0.0,0.0,0.0,0.0,28.8761904761905,0.449591280653951,0.400313971742543,5.20708446866485,0.0,0.0,0.0,0.0,0.0
165.0,367.0,735.0,1102.0,16.0,2.202,Crimped,0.75,0.5,0.5,30.0,29.1809523809524,0.449591280653951,0.400108873162765,5.00544959128065,60.0,45.0,60.0,45.0,30.0
165.0,367.0,733.0,1100.0,16.0,2.202,Crimped,0.75,1.0,0.5,30.0,30.0952380952381,0.449591280653951,0.399890889252591,4.99455040871935,60.0,45.0,60.0,45.0,60.0
165.0,367.0,718.0,1066.0,16.0,2.202,Crimped,0.75,1.5,0.5,30.0,31.0095238095238,0.449591280653951,0.402466367713004,4.86103542234332,60.0,45.0,60.0,45.0,90.0
165.0,367.0,702.0,1053.0,16.0,2.202,Crimped,0.75,2.0,0.5,30.0,26.8190476190476,0.449591280653951,0.4,4.78201634877384,60.0,45.0,60.0,45.0,120.0
175.0,440.0,749.0,1079.0,20.0,3.52,No fiber,0.0,0.0,0.0,0.0,42.2857142857143,0.397727272727273,0.409737417943107,4.15454545454545,0.0,0.0,0.0,0.0,0.0
178.0,445.0,804.0,988.0,20.0,3.56,Chopped with butt ends,0.5,1.0,0.6,35.0,44.5714285714286,0.4,0.448660714285714,4.02696629213483,58.3333333333333,29.1666666666667,58.3333333333333,29.1666666666667,58.3333333333333
180.0,450.0,860.0,897.0,20.0,3.6,Chopped with butt ends,0.5,2.0,0.6,35.0,46.1904761904762,0.4,0.489470688673876,3.90444444444444,58.3333333333333,29.1666666666667,58.3333333333333,29.1666666666667,116.666666666667
185.0,460.0,880.0,844.0,20.0,3.68,Chopped with butt ends,0.5,3.0,0.6,35.0,47.7142857142857,0.402173913043478,0.510440835266821,3.74782608695652,58.3333333333333,29.1666666666667,58.3333333333333,29.1666666666667,175.0
195.0,415.0,610.0,1182.0,20.0,0.0,No fiber,0.0,0.0,0.0,0.0,30.88,0.469879518072289,0.340401785714286,4.31807228915663,0.0,0.0,0.0,0.0,0.0
195.0,415.0,610.0,1182.0,20.0,0.0,Hooked,1.0,0.5,0.75,32.0,32.56,0.469879518072289,0.340401785714286,4.31807228915663,42.6666666666667,42.6666666666667,42.6666666666667,42.6666666666667,21.3333333333333
195.0,415.0,610.0,1182.0,20.0,0.0,Hooked,1.0,1.0,0.75,32.0,33.84,0.469879518072289,0.340401785714286,4.31807228915663,42.6666666666667,42.6666666666667,42.6666666666667,42.6666666666667,42.6666666666667
195.0,415.0,610.0,1182.0,20.0,0.0,Hooked,1.0,1.5,0.75,32.0,41.04,0.469879518072289,0.340401785714286,4.31807228915663,42.6666666666667,42.6666666666667,42.6666666666667,42.6666666666667,64.0
195.0,511.0,576.0,1118.0,20.0,0.0,No fiber,0.0,0.0,0.0,0.0,39.2,0.38160469667319,0.340023612750885,3.31506849315068,0.0,0.0,0.0,0.0,0.0
195.0,511.0,576.0,1118.0,20.0,0.0,Hooked,1.0,0.5,0.75,32.0,42.4,0.38160469667319,0.340023612750885,3.31506849315068,42.6666666666667,42.6666666666667,42.6666666666667,42.6666666666667,21.3333333333333
195.0,511.0,576.0,1118.0,20.0,0.0,Hooked,1.0,1.0,0.75,32.0,48.96,0.38160469667319,0.340023612750885,3.31506849315068,42.6666666666667,42.6666666666667,42.6666666666667,42.6666666666667,42.6666666666667
195.0,511.0,576.0,1118.0,20.0,0.0,Hooked,1.0,1.5,0.75,32.0,50.56,0.38160469667319,0.340023612750885,3.31506849315068,42.6666666666667,42.6666666666667,42.6666666666667,42.6666666666667,64.0
200.0,651.0,527.0,1022.0,20.0,0.0,No fiber,0.0,0.0,0.0,0.0,48.56,0.307219662058372,0.340219496449322,2.37941628264209,0.0,0.0,0.0,0.0,0.0
200.0,651.0,527.0,1022.0,20.0,0.0,Hooked,1.0,0.5,0.75,32.0,52.48,0.307219662058372,0.340219496449322,2.37941628264209,42.6666666666667,42.6666666666667,42.6666666666667,42.6666666666667,21.3333333333333
200.0,651.0,527.0,1022.0,20.0,0.0,Hooked,1.0,1.0,0.75,32.0,53.84,0.307219662058372,0.340219496449322,2.37941628264209,42.6666666666667,42.6666666666667,42.6666666666667,42.6666666666667,42.6666666666667
200.0,651.0,527.0,1022.0,20.0,0.0,Hooked,1.0,1.5,0.75,32.0,58.48,0.307219662058372,0.340219496449322,2.37941628264209,42.6666666666667,42.6666666666667,42.6666666666667,42.6666666666667,64.0
157.5,450.0,715.5,1053.0,10.0,0.675,No fiber,0.0,0.0,0.0,0.0,58.7619047619048,0.35,0.404580152671756,3.93,0.0,0.0,0.0,0.0,0.0
157.5,450.0,715.5,1053.0,10.0,0.675,Hooked,1.0,0.5,0.62,40.0,66.0952380952381,0.35,0.404580152671756,3.93,64.5161290322581,64.5161290322581,64.5161290322581,64.5161290322581,32.258064516129
157.5,450.0,715.5,1053.0,10.0,0.675,Hooked,1.0,1.0,0.62,40.0,68.8571428571428,0.35,0.404580152671756,3.93,64.5161290322581,64.5161290322581,64.5161290322581,64.5161290322581,64.5161290322581
157.5,450.0,715.5,1053.0,10.0,0.675,Hooked,1.0,1.5,0.62,40.0,72.2857142857143,0.35,0.404580152671756,3.93,64.5161290322581,64.5161290322581,64.5161290322581,64.5161290322581,96.7741935483871
157.5,450.0,715.5,1053.0,10.0,0.675,Hooked,1.0,0.5,0.62,50.0,70.2857142857143,0.35,0.404580152671756,3.93,80.6451612903226,80.6451612903226,80.6451612903226,80.6451612903226,40.3225806451613
157.5,450.0,715.5,1053.0,10.0,0.675,Hooked,1.0,1.0,0.62,50.0,72.7619047619048,0.35,0.404580152671756,3.93,80.6451612903226,80.6451612903226,80.6451612903226,80.6451612903226,80.6451612903226
157.5,450.0,715.5,1053.0,10.0,0.675,Hooked,1.0,1.5,0.62,50.0,73.6190476190476,0.35,0.404580152671756,3.93,80.6451612903226,80.6451612903226,80.6451612903226,80.6451612903226,120.967741935484
157.5,450.0,715.5,1053.0,10.0,0.675,Hooked,1.0,0.5,0.75,60.0,64.7619047619048,0.35,0.404580152671756,3.93,80.0,80.0,80.0,80.0,40.0
157.5,450.0,715.5,1053.0,10.0,0.675,Hooked,1.0,1.0,0.75,60.0,67.2380952380952,0.35,0.404580152671756,3.93,80.0,80.0,80.0,80.0,80.0
157.5,450.0,715.5,1053.0,10.0,0.675,Hooked,1.0,1.5,0.75,60.0,74.8571428571428,0.35,0.404580152671756,3.93,80.0,80.0,80.0,80.0,120.0
157.5,350.0,798.0,1078.0,10.0,0.42,No fiber,0.0,0.0,0.0,0.0,49.9047619047619,0.45,0.425373134328358,5.36,0.0,0.0,0.0,0.0,0.0
157.5,350.0,798.0,1078.0,10.0,0.42,Hooked,1.0,0.5,0.62,40.0,57.8095238095238,0.45,0.425373134328358,5.36,64.5161290322581,64.5161290322581,64.5161290322581,64.5161290322581,32.258064516129
157.5,350.0,798.0,1078.0,10.0,0.42,Hooked,1.0,1.0,0.62,40.0,61.047619047619,0.45,0.425373134328358,5.36,64.5161290322581,64.5161290322581,64.5161290322581,64.5161290322581,64.5161290322581
157.5,350.0,798.0,1078.0,10.0,0.42,Hooked,1.0,1.5,0.62,40.0,59.3333333333333,0.45,0.425373134328358,5.36,64.5161290322581,64.5161290322581,64.5161290322581,64.5161290322581,96.7741935483871
157.5,350.0,798.0,1078.0,10.0,0.42,Hooked,1.0,0.5,0.62,50.0,53.1428571428571,0.45,0.425373134328358,5.36,80.6451612903226,80.6451612903226,80.6451612903226,80.6451612903226,40.3225806451613
157.5,350.0,798.0,1078.0,10.0,0.42,Hooked,1.0,1.0,0.62,50.0,59.3333333333333,0.45,0.425373134328358,5.36,80.6451612903226,80.6451612903226,80.6451612903226,80.6451612903226,80.6451612903226
157.5,350.0,798.0,1078.0,10.0,0.42,Hooked,1.0,1.5,0.62,50.0,61.1428571428572,0.45,0.425373134328358,5.36,80.6451612903226,80.6451612903226,80.6451612903226,80.6451612903226,120.967741935484
157.5,350.0,798.0,1078.0,10.0,0.42,Hooked,1.0,0.5,0.75,60.0,56.0952380952381,0.45,0.425373134328358,5.36,80.0,80.0,80.0,80.0,40.0
157.5,350.0,798.0,1078.0,10.0,0.42,Hooked,1.0,1.0,0.75,60.0,56.8571428571428,0.45,0.425373134328358,5.36,80.0,80.0,80.0,80.0,80.0
157.5,350.0,798.0,1078.0,10.0,0.42,Hooked,1.0,1.5,0.75,60.0,63.0476190476191,0.45,0.425373134328358,5.36,80.0,80.0,80.0,80.0,120.0
185.0,268.0,725.0,1185.0,31.5,0.0,No fiber,0.0,0.0,0.0,0.0,16.0,0.690298507462687,0.379581151832461,7.12686567164179,0.0,0.0,0.0,0.0,0.0
185.0,268.0,725.0,1185.0,31.5,0.0,Hooked,1.0,0.63,1.0,50.0,18.8,0.690298507462687,0.379581151832461,7.12686567164179,50.0,50.0,50.0,50.0,31.5
185.0,418.0,550.0,1115.0,31.5,0.0,No fiber,0.0,0.0,0.0,0.0,22.56,0.442583732057416,0.33033033033033,3.98325358851674,0.0,0.0,0.0,0.0,0.0
185.0,418.0,550.0,1115.0,31.5,0.0,Hooked,1.0,0.63,1.0,50.0,27.92,0.442583732057416,0.33033033033033,3.98325358851674,50.0,50.0,50.0,50.0,31.5
185.0,524.0,488.0,1056.0,31.5,0.0,No fiber,0.0,0.0,0.0,0.0,31.28,0.353053435114504,0.316062176165803,2.94656488549618,0.0,0.0,0.0,0.0,0.0
185.0,524.0,488.0,1056.0,31.5,0.0,Hooked,1.0,0.63,1.0,50.0,34.4,0.353053435114504,0.316062176165803,2.94656488549618,50.0,50.0,50.0,50.0,31.5
180.0,450.0,652.0,1158.0,20.0,4.5,No fiber,0.0,0.0,0.0,0.0,33.28,0.4,0.360220994475138,4.02222222222222,0.0,0.0,0.0,0.0,0.0
180.0,375.0,641.0,1140.0,20.0,3.75,Hooked,1.0,1.0,0.75,62.0,29.44,0.48,0.359910162829871,4.74933333333333,82.6666666666667,82.6666666666667,82.6666666666667,82.6666666666667,82.6666666666667
172.0,358.0,749.0,1171.0,20.0,0.0,Mill-cut,0.5,1.0,0.94,32.3,33.68,0.480446927374302,0.390104166666667,5.36312849162011,34.3617021276596,17.1808510638298,34.3617021276596,17.1808510638298,34.3617021276596
172.0,358.0,749.0,1171.0,20.0,0.0,No fiber,0.0,0.0,0.0,0.0,33.856,0.480446927374302,0.390104166666667,5.36312849162011,0.0,0.0,0.0,0.0,0.0
180.0,375.0,796.0,1099.0,20.0,0.0,Mill-cut,0.5,1.0,0.94,32.3,39.096,0.48,0.420052770448549,5.05333333333333,34.3617021276596,17.1808510638298,34.3617021276596,17.1808510638298,34.3617021276596
180.0,375.0,796.0,1099.0,20.0,0.0,Mill-cut,0.5,1.0,0.94,32.3,36.352,0.48,0.420052770448549,5.05333333333333,34.3617021276596,17.1808510638298,34.3617021276596,17.1808510638298,34.3617021276596
180.0,375.0,796.0,1099.0,20.0,0.0,Mill-cut,0.5,1.0,0.94,32.3,36.296,0.48,0.420052770448549,5.05333333333333,34.3617021276596,17.1808510638298,34.3617021276596,17.1808510638298,34.3617021276596
188.0,392.0,842.0,1029.0,20.0,0.0,Mill-cut,0.5,1.5,0.94,32.3,42.048,0.479591836734694,0.450026723677178,4.77295918367347,34.3617021276596,17.1808510638298,34.3617021276596,17.1808510638298,51.5425531914894
188.0,392.0,842.0,1029.0,20.0,0.0,No fiber,0.0,0.0,0.0,0.0,39.832,0.479591836734694,0.450026723677178,4.77295918367347,0.0,0.0,0.0,0.0,0.0
196.0,408.0,886.0,960.0,20.0,0.0,Mill-cut,0.5,2.0,0.94,32.3,41.688,0.480392156862745,0.479956663055255,4.52450980392157,34.3617021276596,17.1808510638298,34.3617021276596,17.1808510638298,68.7234042553192
196.0,408.0,886.0,960.0,20.0,0.0,No fiber,0.0,0.0,0.0,0.0,38.632,0.480392156862745,0.479956663055255,4.52450980392157,0.0,0.0,0.0,0.0,0.0
190.0,475.0,632.3,1125.5,20.0,0.0,No fiber,0.0,0.0,0.0,0.0,39.68,0.4,0.35971100238935,3.70063157894737,0.0,0.0,0.0,0.0,0.0
190.0,475.0,632.3,1125.5,20.0,0.0,Hooked,1.0,1.0,0.75,62.0,39.12,0.4,0.35971100238935,3.70063157894737,82.6666666666667,82.6666666666667,82.6666666666667,82.6666666666667,82.6666666666667
190.0,475.0,632.3,1125.5,20.0,0.0,Hooked,1.0,1.0,0.75,62.0,40.48,0.4,0.35971100238935,3.70063157894737,82.6666666666667,82.6666666666667,82.6666666666667,82.6666666666667,82.6666666666667
190.0,475.0,622.8,1106.0,20.0,0.0,No fiber,0.0,0.0,0.0,0.0,40.32,0.4,0.360249884312818,3.63957894736842,0.0,0.0,0.0,0.0,0.0
190.0,475.0,629.0,1085.0,20.0,0.0,Mill-cut,0.5,0.5,0.94,32.3,40.72,0.4,0.366977829638273,3.60842105263158,34.3617021276596,17.1808510638298,34.3617021276596,17.1808510638298,17.1808510638298
190.0,475.0,634.0,1064.0,20.0,0.0,Mill-cut,0.5,1.0,0.94,32.3,40.96,0.4,0.373380447585395,3.57473684210526,34.3617021276596,17.1808510638298,34.3617021276596,17.1808510638298,34.3617021276596
190.0,475.0,641.0,1044.0,20.0,0.0,Mill-cut,0.5,1.5,0.94,32.3,42.64,0.4,0.380415430267062,3.54736842105263,34.3617021276596,17.1808510638298,34.3617021276596,17.1808510638298,51.5425531914894
190.0,475.0,647.0,1023.0,20.0,0.0,Mill-cut,0.5,2.0,0.94,32.3,43.6,0.4,0.387425149700599,3.51578947368421,34.3617021276596,17.1808510638298,34.3617021276596,17.1808510638298,68.7234042553192
156.0,312.0,817.0,1214.0,20.0,2.19,Hooked,1.0,0.384,1.0,50.0,65.1,0.5,0.402264894140817,6.50961538461539,50.0,50.0,50.0,50.0,19.2
156.0,312.0,817.0,1214.0,20.0,2.5,Hooked,1.0,0.576,1.0,50.0,63.9,0.5,0.402264894140817,6.50961538461539,50.0,50.0,50.0,50.0,28.8
156.0,312.0,817.0,1214.0,20.0,2.5,Hooked,1.0,0.769,1.0,50.0,64.9,0.5,0.402264894140817,6.50961538461539,50.0,50.0,50.0,50.0,38.45
264.0,480.0,716.5,989.5,20.0,0.0,No fiber,0.0,0.0,0.0,0.0,27.68,0.55,0.419988276670574,3.55416666666667,0.0,0.0,0.0,0.0,0.0
264.0,480.0,727.8,965.8,20.0,0.0,Crimped,0.75,0.5,1.215,32.27,28.0,0.55,0.429735474728389,3.52833333333333,26.559670781893,19.9197530864197,26.559670781893,19.9197530864197,13.2798353909465
264.0,480.0,739.2,942.3,20.0,0.0,Crimped,0.75,1.0,1.215,32.27,30.16,0.55,0.439607493309545,3.503125,26.559670781893,19.9197530864197,26.559670781893,19.9197530864197,26.559670781893
264.0,480.0,750.5,942.3,20.0,0.0,Crimped,0.75,1.5,1.215,32.27,32.08,0.55,0.443348298676749,3.52666666666667,26.559670781893,19.9197530864197,26.559670781893,19.9197530864197,39.8395061728395
264.0,480.0,769.1,895.1,20.0,0.0,Crimped,0.75,2.0,1.215,32.27,34.32,0.55,0.462143973080159,3.46708333333333,26.559670781893,19.9197530864197,26.559670781893,19.9197530864197,53.119341563786
264.0,480.0,727.8,965.8,20.0,0.0,Hooked,1.0,0.5,0.993,32.19,30.56,0.55,0.429735474728389,3.52833333333333,32.416918429003,32.416918429003,32.416918429003,32.416918429003,16.2084592145015
264.0,480.0,739.2,942.3,20.0,0.0,Hooked,1.0,1.0,0.993,32.19,30.48,0.55,0.439607493309545,3.503125,32.416918429003,32.416918429003,32.416918429003,32.416918429003,32.416918429003
264.0,480.0,750.5,942.3,20.0,0.0,Hooked,1.0,1.5,0.993,32.19,32.24,0.55,0.443348298676749,3.52666666666667,32.416918429003,32.416918429003,32.416918429003,32.416918429003,48.6253776435045
264.0,480.0,769.1,895.1,20.0,0.0,Hooked,1.0,2.0,0.993,32.19,33.28,0.55,0.462143973080159,3.46708333333333,32.416918429003,32.416918429003,32.416918429003,32.416918429003,64.833836858006
264.0,480.0,727.8,965.8,20.0,0.0,Straight smooth,0.5,0.5,1.036,32.34,28.8,0.55,0.429735474728389,3.52833333333333,31.2162162162162,15.6081081081081,31.2162162162162,15.6081081081081,15.6081081081081
264.0,480.0,739.2,942.3,20.0,0.0,Straight smooth,0.5,1.0,1.036,32.34,31.04,0.55,0.439607493309545,3.503125,31.2162162162162,15.6081081081081,31.2162162162162,15.6081081081081,31.2162162162162
264.0,480.0,750.5,942.3,20.0,0.0,Straight smooth,0.5,1.5,1.036,32.34,30.48,0.55,0.443348298676749,3.52666666666667,31.2162162162162,15.6081081081081,31.2162162162162,15.6081081081081,46.8243243243243
264.0,480.0,769.1,895.1,20.0,0.0,Straight smooth,0.5,2.0,1.036,32.34,32.64,0.55,0.462143973080159,3.46708333333333,31.2162162162162,15.6081081081081,31.2162162162162,15.6081081081081,62.4324324324324
264.0,480.0,727.8,965.8,20.0,0.0,Crimped,0.75,0.5,0.929,30.19,29.44,0.55,0.429735474728389,3.52833333333333,32.497308934338,24.3729817007535,32.497308934338,24.3729817007535,16.248654467169
264.0,480.0,739.2,942.3,20.0,0.0,Crimped,0.75,1.0,0.929,30.19,30.08,0.55,0.439607493309545,3.503125,32.497308934338,24.3729817007535,32.497308934338,24.3729817007535,32.497308934338
264.0,480.0,750.5,942.3,20.0,0.0,Crimped,0.75,1.5,0.929,30.19,31.84,0.55,0.443348298676749,3.52666666666667,32.497308934338,24.3729817007535,32.497308934338,24.3729817007535,48.745963401507
264.0,480.0,769.1,895.1,20.0,0.0,Crimped,0.75,2.0,0.929,30.19,33.36,0.55,0.462143973080159,3.46708333333333,32.497308934338,24.3729817007535,32.497308934338,24.3729817007535,64.994617868676
175.0,461.0,512.0,1252.0,10.0,0.0,No fiber,0.0,0.0,0.0,0.0,28.4723809523809,0.379609544468547,0.290249433106576,3.82646420824295,0.0,0.0,0.0,0.0,0.0
175.0,461.0,512.0,1252.0,10.0,0.0,Hooked,1.0,1.0,1.0,35.0,29.592380952381,0.379609544468547,0.290249433106576,3.82646420824295,35.0,35.0,35.0,35.0,35.0
175.0,461.0,512.0,1252.0,10.0,0.0,Hooked,1.0,1.2,1.0,35.0,30.3161904761905,0.379609544468547,0.290249433106576,3.82646420824295,35.0,35.0,35.0,35.0,42.0
175.0,461.0,512.0,1252.0,10.0,0.0,Hooked,1.0,1.5,1.0,35.0,31.4057142857143,0.379609544468547,0.290249433106576,3.82646420824295,35.0,35.0,35.0,35.0,52.5
160.0,400.0,750.0,1140.0,20.0,8.0,No fiber,0.0,0.0,0.0,0.0,42.7428571428571,0.4,0.396825396825397,4.725,0.0,0.0,0.0,0.0,0.0
160.0,400.0,750.0,1140.0,20.0,8.0,Hooked,1.0,0.5,0.5,30.0,45.1047619047619,0.4,0.396825396825397,4.725,60.0,60.0,60.0,60.0,30.0
230.0,535.0,556.0,1079.0,16.0,0.0,No fiber,0.0,0.0,0.0,0.0,36.4636363636364,0.429906542056075,0.340061162079511,3.05607476635514,0.0,0.0,0.0,0.0,0.0
230.0,535.0,556.0,1079.0,16.0,0.0,Hooked,1.0,1.0,0.55,30.0,41.1090909090909,0.429906542056075,0.340061162079511,3.05607476635514,54.5454545454545,54.5454545454545,54.5454545454545,54.5454545454545,54.5454545454545
165.0,471.0,690.0,1038.0,20.0,2.83,Crimped,0.75,1.0,0.5,30.0,39.0095238095238,0.35031847133758,0.399305555555556,3.6687898089172,60.0,45.0,60.0,45.0,60.0
165.0,300.0,760.0,1140.0,20.0,1.8,Crimped,0.75,1.0,0.5,30.0,23.8476190476191,0.55,0.4,6.33333333333333,60.0,45.0,60.0,45.0,60.0
195.0,361.0,664.0,1180.0,20.0,0.0,No fiber,0.0,0.0,0.0,0.0,30.5676190476191,0.54016620498615,0.360086767895879,5.10803324099723,0.0,0.0,0.0,0.0,0.0
195.0,361.0,664.0,1180.0,20.0,0.0,No fiber,0.0,0.0,0.0,0.0,29.0742857142857,0.54016620498615,0.360086767895879,5.10803324099723,0.0,0.0,0.0,0.0,0.0
195.0,361.0,664.0,1180.0,20.0,0.0,No fiber,0.0,0.0,0.0,0.0,29.8971428571429,0.54016620498615,0.360086767895879,5.10803324099723,0.0,0.0,0.0,0.0,0.0
195.0,406.0,630.0,1169.0,20.0,0.0,No fiber,0.0,0.0,0.0,0.0,28.8761904761905,0.480295566502463,0.350194552529183,4.43103448275862,0.0,0.0,0.0,0.0,0.0
195.0,406.0,630.0,1169.0,20.0,0.0,No fiber,0.0,0.0,0.0,0.0,28.1142857142857,0.480295566502463,0.350194552529183,4.43103448275862,0.0,0.0,0.0,0.0,0.0
195.0,406.0,630.0,1169.0,20.0,0.0,No fiber,0.0,0.0,0.0,0.0,30.0190476190476,0.480295566502463,0.350194552529183,4.43103448275862,0.0,0.0,0.0,0.0,0.0
204.0,425.0,713.0,1069.0,20.0,0.0,Mill-cut,0.5,0.5,0.9436,32.31,28.8,0.48,0.400112233445567,4.19294117647059,34.2412038999576,17.1206019499788,34.2412038999576,17.1206019499788,17.1206019499788
204.0,425.0,713.0,1069.0,20.0,0.0,Mill-cut,0.5,0.5,0.9436,32.31,31.4209523809524,0.48,0.400112233445567,4.19294117647059,34.2412038999576,17.1206019499788,34.2412038999576,17.1206019499788,17.1206019499788
204.0,425.0,713.0,1069.0,20.0,0.0,Mill-cut,0.5,0.5,0.9436,32.31,29.4095238095238,0.48,0.400112233445567,4.19294117647059,34.2412038999576,17.1206019499788,34.2412038999576,17.1206019499788,17.1206019499788
212.0,442.0,773.0,945.0,20.0,0.0,Mill-cut,0.5,1.0,0.9436,32.31,28.2514285714286,0.479638009049774,0.449941792782305,3.8868778280543,34.2412038999576,17.1206019499788,34.2412038999576,17.1206019499788,34.2412038999576
212.0,442.0,773.0,945.0,20.0,0.0,Mill-cut,0.5,1.0,0.9436,32.31,32.9295238095238,0.479638009049774,0.449941792782305,3.8868778280543,34.2412038999576,17.1206019499788,34.2412038999576,17.1206019499788,34.2412038999576
212.0,442.0,773.0,945.0,20.0,0.0,Mill-cut,0.5,1.0,0.9436,32.31,32.1752380952381,0.479638009049774,0.449941792782305,3.8868778280543,34.2412038999576,17.1206019499788,34.2412038999576,17.1206019499788,34.2412038999576
220.0,458.0,827.0,827.0,20.0,0.0,Mill-cut,0.5,1.5,0.9436,32.31,33.1504761904762,0.480349344978166,0.5,3.61135371179039,34.2412038999576,17.1206019499788,34.2412038999576,17.1206019499788,51.3618058499364
220.0,458.0,827.0,827.0,20.0,0.0,Mill-cut,0.5,1.5,0.9436,32.31,33.9733333333333,0.480349344978166,0.5,3.61135371179039,34.2412038999576,17.1206019499788,34.2412038999576,17.1206019499788,51.3618058499364
220.0,458.0,827.0,827.0,20.0,0.0,Mill-cut,0.5,1.5,0.9436,32.31,31.1238095238095,0.480349344978166,0.5,3.61135371179039,34.2412038999576,17.1206019499788,34.2412038999576,17.1206019499788,51.3618058499364
228.0,475.0,875.0,715.0,20.0,0.0,Mill-cut,0.5,2.0,0.9436,32.31,31.0933333333333,0.48,0.550314465408805,3.34736842105263,34.2412038999576,17.1206019499788,34.2412038999576,17.1206019499788,68.4824077999152
228.0,475.0,875.0,715.0,20.0,0.0,Mill-cut,0.5,2.0,0.9436,32.31,30.3009523809524,0.48,0.550314465408805,3.34736842105263,34.2412038999576,17.1206019499788,34.2412038999576,17.1206019499788,68.4824077999152
228.0,475.0,875.0,715.0,20.0,0.0,Mill-cut,0.5,2.0,0.9436,32.31,34.1333333333333,0.48,0.550314465408805,3.34736842105263,34.2412038999576,17.1206019499788,34.2412038999576,17.1206019499788,68.4824077999152
166.0,415.0,838.55,1024.9,20.0,0.0,No fiber,0.0,0.0,0.0,0.0,42.616,0.4,0.449998658402426,4.49024096385542,0.0,0.0,0.0,0.0,0.0
166.0,415.0,838.55,1024.9,20.0,0.0,Hooked,1.0,1.0,0.55,35.0,40.824,0.4,0.449998658402426,4.49024096385542,63.6363636363636,63.6363636363636,63.6363636363636,63.6363636363636,63.6363636363636
161.0,460.0,1150.0,1048.8,20.0,18.4,No fiber,0.0,0.0,0.0,0.0,30.0,0.35,0.523012552301255,4.78,0.0,0.0,0.0,0.0,0.0
161.0,460.0,1150.0,1048.8,20.0,18.4,Mill-cut,0.5,0.4,0.8,32.0,34.7619047619048,0.35,0.523012552301255,4.78,40.0,20.0,40.0,20.0,16.0
161.0,460.0,1150.0,1048.8,20.0,18.4,Mill-cut,0.5,0.8,0.8,32.0,38.6666666666667,0.35,0.523012552301255,4.78,40.0,20.0,40.0,20.0,32.0
161.0,460.0,1150.0,1048.8,20.0,18.4,Mill-cut,0.5,1.2,0.8,32.0,40.5714285714286,0.35,0.523012552301255,4.78,40.0,20.0,40.0,20.0,48.0
161.0,460.0,1150.0,1048.8,20.0,18.4,Mill-cut,0.5,1.6,0.8,32.0,39.9047619047619,0.35,0.523012552301255,4.78,40.0,20.0,40.0,20.0,64.0
215.52,480.0,825.0,880.0,25.0,8.0,No fiber,0.0,0.0,0.0,0.0,41.02,0.449,0.483870967741935,3.55208333333333,0.0,0.0,0.0,0.0,0.0
215.52,480.0,825.0,880.0,25.0,8.0,Mill-cut,0.5,0.256410256410256,0.5,38.0,49.3,0.449,0.483870967741935,3.55208333333333,76.0,38.0,76.0,38.0,19.4871794871795
215.52,480.0,825.0,880.0,25.0,8.0,Mill-cut,0.5,0.384615384615385,0.5,38.0,40.63,0.449,0.483870967741935,3.55208333333333,76.0,38.0,76.0,38.0,29.2307692307692
215.52,480.0,825.0,880.0,25.0,8.0,Mill-cut,0.5,0.512820512820513,0.5,38.0,41.3,0.449,0.483870967741935,3.55208333333333,76.0,38.0,76.0,38.0,38.974358974359
160.0,258.0,753.0,1229.0,20.0,0.0,No fiber,0.0,0.0,0.0,0.0,26.97,0.62015503875969,0.37991927346115,7.68217054263566,0.0,0.0,0.0,0.0,0.0
160.0,267.0,691.0,1283.0,20.0,0.0,No fiber,0.0,0.0,0.0,0.0,37.35,0.599250936329588,0.350050658561297,7.39325842696629,0.0,0.0,0.0,0.0,0.0
195.0,415.0,627.0,1164.0,20.0,0.0,No fiber,0.0,0.0,0.0,0.0,39.6,0.469879518072289,0.350083752093802,4.31566265060241,0.0,0.0,0.0,0.0,0.0
200.0,513.0,540.0,1147.0,20.0,0.0,No fiber,0.0,0.0,0.0,0.0,46.96,0.389863547758285,0.32009484291642,3.28849902534113,0.0,0.0,0.0,0.0,0.0
160.0,267.0,829.0,1145.0,20.0,0.0,Hooked,1.0,0.4,0.9,50.0,38.08,0.599250936329588,0.419959473150962,7.39325842696629,55.5555555555556,55.5555555555556,55.5555555555556,55.5555555555556,22.2222222222222
160.0,267.0,868.0,1105.0,20.0,0.0,Hooked,1.0,0.4,0.75,35.0,38.73,0.599250936329588,0.439939178915357,7.38951310861423,46.6666666666667,46.6666666666667,46.6666666666667,46.6666666666667,18.6666666666667
160.0,267.0,770.0,1204.0,20.0,0.0,Hooked,1.0,0.4,0.55,35.0,36.5,0.599250936329588,0.390070921985816,7.39325842696629,63.6363636363636,63.6363636363636,63.6363636363636,63.6363636363636,25.4545454545454
160.0,267.0,829.0,1145.0,20.0,0.0,Hooked,1.0,0.4,0.62,35.0,39.23,0.599250936329588,0.419959473150962,7.39325842696629,56.4516129032258,56.4516129032258,56.4516129032258,56.4516129032258,22.5806451612903
160.0,267.0,829.0,1145.0,20.0,0.0,Mill-cut,0.5,0.4,1.15,32.0,38.42,0.599250936329588,0.419959473150962,7.39325842696629,27.8260869565217,13.9130434782609,27.8260869565217,13.9130434782609,11.1304347826087
160.0,267.0,829.0,1145.0,20.0,0.0,Crimped,0.75,0.4,0.618,35.0,42.65,0.599250936329588,0.419959473150962,7.39325842696629,56.6343042071197,42.4757281553398,56.6343042071197,42.4757281553398,22.6537216828479
160.0,267.0,770.0,1204.0,20.0,0.0,Hooked,1.0,0.2,0.62,35.0,36.12,0.599250936329588,0.390070921985816,7.39325842696629,56.4516129032258,56.4516129032258,56.4516129032258,56.4516129032258,11.2903225806452
165.0,275.0,823.0,1137.0,20.0,0.0,Hooked,1.0,0.5,0.62,35.0,41.65,0.6,0.419897959183673,7.12727272727273,56.4516129032258,56.4516129032258,56.4516129032258,56.4516129032258,28.2258064516129
170.0,283.0,837.0,1110.0,20.0,0.0,Hooked,1.0,0.7,0.62,35.0,37.78,0.600706713780919,0.429892141756548,6.87985865724382,56.4516129032258,56.4516129032258,56.4516129032258,56.4516129032258,39.5161290322581
160.0,258.0,832.0,1150.0,20.0,0.0,Hooked,1.0,0.4,0.62,35.0,32.36,0.62015503875969,0.419778002018163,7.68217054263566,56.4516129032258,56.4516129032258,56.4516129032258,56.4516129032258,22.5806451612903
195.0,415.0,752.0,1038.0,20.0,0.0,Hooked,1.0,0.4,0.62,35.0,43.41,0.469879518072289,0.420111731843575,4.31325301204819,56.4516129032258,56.4516129032258,56.4516129032258,56.4516129032258,22.5806451612903
200.0,513.0,675.0,1012.0,20.0,0.0,Hooked,1.0,0.4,0.62,35.0,45.41,0.389863547758285,0.400118553645525,3.28849902534113,56.4516129032258,56.4516129032258,56.4516129032258,56.4516129032258,22.5806451612903
172.0,400.0,730.0,1100.0,15.0,0.0,No fiber,0.0,0.0,0.0,0.0,34.5142857142857,0.43,0.398907103825137,4.575,0.0,0.0,0.0,0.0,0.0
172.0,400.0,730.0,1087.0,15.0,0.0,Hooked,1.0,0.5,0.8,32.0,37.0285714285714,0.43,0.401761144744084,4.5425,40.0,40.0,40.0,40.0,20.0
172.0,400.0,730.0,1073.0,15.0,0.0,Hooked,1.0,1.0,0.8,32.0,27.6571428571429,0.43,0.404880754298391,4.5075,40.0,40.0,40.0,40.0,40.0
172.0,400.0,730.0,1060.0,15.0,0.0,Hooked,1.0,1.5,0.8,32.0,30.2476190476191,0.43,0.407821229050279,4.475,40.0,40.0,40.0,40.0,60.0
172.0,400.0,730.0,1046.0,15.0,0.0,Hooked,1.0,2.0,0.8,32.0,34.5142857142857,0.43,0.411036036036036,4.44,40.0,40.0,40.0,40.0,80.0
161.0,460.0,699.2,1594.176,20.0,18.4,No fiber,0.0,0.0,0.0,0.0,46.2857142857143,0.35,0.304878048780488,4.9856,0.0,0.0,0.0,0.0,0.0
161.0,460.0,699.2,1594.176,20.0,18.4,Crimped,0.75,0.4,0.8,32.0,43.5238095238095,0.35,0.304878048780488,4.9856,40.0,30.0,40.0,30.0,16.0
161.0,460.0,699.2,1594.176,20.0,18.4,Crimped,0.75,0.8,0.8,32.0,44.0,0.35,0.304878048780488,4.9856,40.0,30.0,40.0,30.0,32.0
161.0,460.0,699.2,1594.176,20.0,18.4,Crimped,0.75,1.2,0.8,32.0,46.0,0.35,0.304878048780488,4.9856,40.0,30.0,40.0,30.0,48.0
161.0,460.0,699.2,1594.176,20.0,18.4,Crimped,0.75,1.6,0.8,32.0,48.2857142857143,0.35,0.304878048780488,4.9856,40.0,30.0,40.0,30.0,64.0
167.721,453.3,699.2,1594.176,20.0,18.132,No fiber,0.0,0.0,0.0,0.0,44.0,0.37,0.304878048780488,5.059289653651,0.0,0.0,0.0,0.0,0.0
167.721,453.3,699.2,1594.176,20.0,18.132,Crimped,0.75,0.4,0.8,40.0,46.2857142857143,0.37,0.304878048780488,5.059289653651,50.0,37.5,50.0,37.5,20.0
167.721,453.3,699.2,1594.176,20.0,18.132,Crimped,0.75,0.8,0.8,40.0,47.3333333333333,0.37,0.304878048780488,5.059289653651,50.0,37.5,50.0,37.5,40.0
167.721,453.3,699.2,1594.176,20.0,18.132,Crimped,0.75,1.2,0.8,40.0,50.6666666666667,0.37,0.304878048780488,5.059289653651,50.0,37.5,50.0,37.5,60.0
167.721,453.3,699.2,1594.176,20.0,18.132,Crimped,0.75,1.6,0.8,40.0,56.0,0.37,0.304878048780488,5.059289653651,50.0,37.5,50.0,37.5,80.0
161.69,437.0,756.0,1210.0,20.0,1.311,No fiber,0.0,0.0,0.0,0.0,33.0,0.37,0.384537131230926,4.49885583524027,0.0,0.0,0.0,0.0,0.0
161.69,437.0,756.0,1210.0,20.0,1.311,No fiber,0.0,0.0,0.0,0.0,32.03,0.37,0.384537131230926,4.49885583524027,0.0,0.0,0.0,0.0,0.0
161.69,437.0,756.0,1210.0,20.0,1.311,No fiber,0.0,0.0,0.0,0.0,37.9,0.37,0.384537131230926,4.49885583524027,0.0,0.0,0.0,0.0,0.0
161.69,437.0,756.0,1210.0,20.0,1.311,No fiber,0.0,0.0,0.0,0.0,35.1,0.37,0.384537131230926,4.49885583524027,0.0,0.0,0.0,0.0,0.0
161.69,437.0,756.0,1210.0,20.0,4.37,Hooked,1.0,0.5,0.7,50.0,35.0,0.37,0.384537131230926,4.49885583524027,71.4285714285714,71.4285714285714,71.4285714285714,71.4285714285714,35.7142857142857
161.69,437.0,756.0,1210.0,20.0,4.37,Hooked,1.0,0.5,0.7,50.0,48.8,0.37,0.384537131230926,4.49885583524027,71.4285714285714,71.4285714285714,71.4285714285714,71.4285714285714,35.7142857142857
161.69,437.0,756.0,1210.0,20.0,4.37,Hooked,1.0,0.5,0.7,50.0,36.1,0.37,0.384537131230926,4.49885583524027,71.4285714285714,71.4285714285714,71.4285714285714,71.4285714285714,35.7142857142857
161.69,437.0,756.0,1210.0,20.0,4.37,Hooked,1.0,0.5,0.7,50.0,37.9,0.37,0.384537131230926,4.49885583524027,71.4285714285714,71.4285714285714,71.4285714285714,71.4285714285714,35.7142857142857
161.69,437.0,756.0,1210.0,20.0,5.4625,Hooked,1.0,1.0,0.7,50.0,35.5,0.37,0.384537131230926,4.49885583524027,71.4285714285714,71.4285714285714,71.4285714285714,71.4285714285714,71.4285714285714
161.69,437.0,756.0,1210.0,20.0,5.4625,Hooked,1.0,1.0,0.7,50.0,43.3,0.37,0.384537131230926,4.49885583524027,71.4285714285714,71.4285714285714,71.4285714285714,71.4285714285714,71.4285714285714
161.69,437.0,756.0,1210.0,20.0,5.4625,Hooked,1.0,1.0,0.7,50.0,40.9,0.37,0.384537131230926,4.49885583524027,71.4285714285714,71.4285714285714,71.4285714285714,71.4285714285714,71.4285714285714
161.69,437.0,756.0,1210.0,20.0,5.4625,Hooked,1.0,1.0,0.7,50.0,38.6,0.37,0.384537131230926,4.49885583524027,71.4285714285714,71.4285714285714,71.4285714285714,71.4285714285714,71.4285714285714
161.69,437.0,756.0,1210.0,20.0,6.118,Hooked,1.0,1.5,0.7,50.0,45.2,0.37,0.384537131230926,4.49885583524027,71.4285714285714,71.4285714285714,71.4285714285714,71.4285714285714,107.142857142857
161.69,437.0,756.0,1210.0,20.0,6.118,Hooked,1.0,1.5,0.7,50.0,43.2,0.37,0.384537131230926,4.49885583524027,71.4285714285714,71.4285714285714,71.4285714285714,71.4285714285714,107.142857142857
161.69,437.0,756.0,1210.0,20.0,6.118,Hooked,1.0,1.5,0.7,50.0,46.4,0.37,0.384537131230926,4.49885583524027,71.4285714285714,71.4285714285714,71.4285714285714,71.4285714285714,107.142857142857
161.69,437.0,756.0,1210.0,20.0,6.118,Hooked,1.0,1.5,0.7,50.0,40.8,0.37,0.384537131230926,4.49885583524027,71.4285714285714,71.4285714285714,71.4285714285714,71.4285714285714,107.142857142857
161.69,437.0,756.0,1210.0,20.0,4.37,Hooked,1.0,0.5,0.7,35.0,33.4,0.37,0.384537131230926,4.49885583524027,50.0,50.0,50.0,50.0,25.0
161.69,437.0,756.0,1210.0,20.0,4.37,Hooked,1.0,0.5,0.7,35.0,42.0,0.37,0.384537131230926,4.49885583524027,50.0,50.0,50.0,50.0,25.0
161.69,437.0,756.0,1210.0,20.0,4.37,Hooked,1.0,0.5,0.7,35.0,33.7,0.37,0.384537131230926,4.49885583524027,50.0,50.0,50.0,50.0,25.0
161.69,437.0,756.0,1210.0,20.0,4.37,Hooked,1.0,0.5,0.7,35.0,31.8,0.37,0.384537131230926,4.49885583524027,50.0,50.0,50.0,50.0,25.0
161.69,437.0,756.0,1210.0,20.0,5.244,Hooked,1.0,1.0,0.7,35.0,46.7,0.37,0.384537131230926,4.49885583524027,50.0,50.0,50.0,50.0,50.0
161.69,437.0,756.0,1210.0,20.0,5.244,Hooked,1.0,1.0,0.7,35.0,38.2,0.37,0.384537131230926,4.49885583524027,50.0,50.0,50.0,50.0,50.0
161.69,437.0,756.0,1210.0,20.0,5.244,Hooked,1.0,1.0,0.7,35.0,36.3,0.37,0.384537131230926,4.49885583524027,50.0,50.0,50.0,50.0,50.0
161.69,437.0,756.0,1210.0,20.0,5.244,Hooked,1.0,1.0,0.7,35.0,34.9,0.37,0.384537131230926,4.49885583524027,50.0,50.0,50.0,50.0,50.0
161.69,437.0,756.0,1210.0,20.0,5.8995,Hooked,1.0,1.5,0.7,35.0,50.3,0.37,0.384537131230926,4.49885583524027,50.0,50.0,50.0,50.0,75.0
161.69,437.0,756.0,1210.0,20.0,5.8995,Hooked,1.0,1.5,0.7,35.0,36.1,0.37,0.384537131230926,4.49885583524027,50.0,50.0,50.0,50.0,75.0
161.69,437.0,756.0,1210.0,20.0,5.8995,Hooked,1.0,1.5,0.7,35.0,39.5,0.37,0.384537131230926,4.49885583524027,50.0,50.0,50.0,50.0,75.0
161.69,437.0,756.0,1210.0,20.0,5.8995,Hooked,1.0,1.5,0.7,35.0,32.4,0.37,0.384537131230926,4.49885583524027,50.0,50.0,50.0,50.0,75.0
168.1,410.0,1073.0,645.0,16.0,4.1,No fiber,0.0,0.0,0.0,0.0,38.7,0.41,0.624563445867288,4.19024390243902,0.0,0.0,0.0,0.0,0.0
168.1,410.0,1073.0,645.0,16.0,4.8,Hooked,1.0,0.636942675159236,0.8,50.0,32.1,0.41,0.624563445867288,4.19024390243902,62.5,62.5,62.5,62.5,39.8089171974522
168.1,410.0,1073.0,645.0,16.0,5.7,Hooked,1.0,1.0,0.8,50.0,33.1,0.41,0.624563445867288,4.19024390243902,62.5,62.5,62.5,62.5,62.5
167.7,390.0,1075.0,758.0,16.0,2.34,No fiber,0.0,0.0,0.0,0.0,40.5,0.43,0.586470267321331,4.7,0.0,0.0,0.0,0.0,0.0
167.7,390.0,1075.0,758.0,16.0,3.12,Hooked,1.0,0.32,0.8,50.0,38.0,0.43,0.586470267321331,4.7,62.5,62.5,62.5,62.5,20.0
167.7,390.0,1075.0,758.0,16.0,3.12,Hooked,1.0,0.45,0.8,50.0,36.9,0.43,0.586470267321331,4.7,62.5,62.5,62.5,62.5,28.125
205.0,460.0,985.0,721.0,12.0,12.8,Hooked,1.0,0.76,0.62,40.0,61.1,0.445652173913043,0.577373974208675,3.70869565217391,64.5161290322581,64.5161290322581,64.5161290322581,64.5161290322581,49.0322580645161
205.0,460.0,985.0,721.0,12.0,12.8,Hooked,1.0,0.76,0.62,40.0,65.7,0.445652173913043,0.577373974208675,3.70869565217391,64.5161290322581,64.5161290322581,64.5161290322581,64.5161290322581,49.0322580645161
198.0,440.0,924.0,846.0,12.0,11.1,No fiber,0.0,0.0,0.0,0.0,52.4,0.45,0.522033898305085,4.02272727272727,0.0,0.0,0.0,0.0,0.0
205.0,460.0,985.0,721.0,12.0,12.8,Hooked,1.0,0.76,0.62,40.0,65.4,0.445652173913043,0.577373974208675,3.70869565217391,64.5161290322581,64.5161290322581,64.5161290322581,64.5161290322581,49.0322580645161
205.0,460.0,985.0,721.0,12.0,12.8,Hooked,1.0,0.76,0.62,40.0,65.9,0.445652173913043,0.577373974208675,3.70869565217391,64.5161290322581,64.5161290322581,64.5161290322581,64.5161290322581,49.0322580645161
205.0,460.0,985.0,721.0,12.0,12.8,Hooked,1.0,0.76,0.62,40.0,59.5,0.445652173913043,0.577373974208675,3.70869565217391,64.5161290322581,64.5161290322581,64.5161290322581,64.5161290322581,49.0322580645161
205.0,460.0,985.0,721.0,12.0,12.8,Hooked,1.0,0.76,0.62,40.0,63.5,0.445652173913043,0.577373974208675,3.70869565217391,64.5161290322581,64.5161290322581,64.5161290322581,64.5161290322581,49.0322580645161
205.0,460.0,985.0,721.0,12.0,12.8,Hooked,1.0,0.76,0.62,40.0,70.0,0.445652173913043,0.577373974208675,3.70869565217391,64.5161290322581,64.5161290322581,64.5161290322581,64.5161290322581,49.0322580645161
205.0,460.0,985.0,721.0,12.0,12.8,Hooked,1.0,0.76,0.62,40.0,65.0,0.445652173913043,0.577373974208675,3.70869565217391,64.5161290322581,64.5161290322581,64.5161290322581,64.5161290322581,49.0322580645161
165.0,300.0,1128.75,806.25,16.0,2.475,No fiber,0.0,0.0,0.0,0.0,17.6,0.55,0.583333333333333,6.45,0.0,0.0,0.0,0.0,0.0
165.0,300.0,1128.75,806.25,16.0,2.475,Hooked,1.0,0.25,0.55,35.0,29.2,0.55,0.583333333333333,6.45,63.6363636363636,63.6363636363636,63.6363636363636,63.6363636363636,15.9090909090909
165.0,300.0,1128.75,806.25,16.0,2.475,Hooked,1.0,0.25,0.55,35.0,24.4,0.55,0.583333333333333,6.45,63.6363636363636,63.6363636363636,63.6363636363636,63.6363636363636,15.9090909090909
165.0,300.0,1128.75,806.25,16.0,2.475,Hooked,1.0,0.5,0.75,60.0,23.2,0.55,0.583333333333333,6.45,80.0,80.0,80.0,80.0,40.0
165.0,300.0,1128.75,806.25,16.0,2.475,Hooked,1.0,0.5,0.75,60.0,20.8,0.55,0.583333333333333,6.45,80.0,80.0,80.0,80.0,40.0
190.0,380.0,1082.0,742.0,12.0,0.038,No fiber,0.0,0.0,0.0,0.0,32.4,0.5,0.593201754385965,4.8,0.0,0.0,0.0,0.0,0.0
190.0,380.0,1082.0,742.0,12.0,0.95,Hooked,1.0,0.25,0.35,30.0,21.6,0.5,0.593201754385965,4.8,85.7142857142857,85.7142857142857,85.7142857142857,85.7142857142857,21.4285714285714
190.0,380.0,1082.0,742.0,12.0,2.394,Hooked,1.0,0.63,0.35,30.0,41.44,0.5,0.593201754385965,4.8,85.7142857142857,85.7142857142857,85.7142857142857,85.7142857142857,54.0
190.0,380.0,1082.0,742.0,12.0,0.038,No fiber,0.0,0.0,0.0,0.0,38.24,0.5,0.593201754385965,4.8,0.0,0.0,0.0,0.0,0.0
190.0,380.0,1082.0,742.0,12.0,0.95,Hooked,1.0,0.25,0.35,30.0,42.4,0.5,0.593201754385965,4.8,85.7142857142857,85.7142857142857,85.7142857142857,85.7142857142857,21.4285714285714
190.0,380.0,1082.0,742.0,12.0,2.394,Hooked,1.0,0.63,0.35,30.0,43.92,0.5,0.593201754385965,4.8,85.7142857142857,85.7142857142857,85.7142857142857,85.7142857142857,54.0
169.072164948454,412.371134020619,927.835051546392,890.721649484536,12.0,0.0,No fiber,0.0,0.0,0.0,0.0,40.0952380952381,0.41,0.510204081632653,4.41,0.0,0.0,0.0,0.0,0.0
169.072164948454,412.371134020619,927.835051546392,890.721649484536,12.0,0.0,Hooked,1.0,0.25,1.0,50.0,41.6190476190476,0.41,0.510204081632653,4.41,50.0,50.0,50.0,50.0,12.5
169.072164948454,412.371134020619,927.835051546392,890.721649484536,12.0,0.0,Hooked,1.0,0.63,1.0,50.0,40.8571428571428,0.41,0.510204081632653,4.41,50.0,50.0,50.0,50.0,31.5
188.0,400.0,610.0,1132.0,10.0,3.31,No fiber,0.0,0.0,0.0,0.0,40.5,0.47,0.350172215843858,4.355,0.0,0.0,0.0,0.0,0.0
188.0,400.0,610.0,1132.0,10.0,3.31,Hooked,1.0,0.5,0.62,30.0,39.7,0.47,0.350172215843858,4.355,48.3870967741936,48.3870967741936,48.3870967741936,48.3870967741936,24.1935483870968
188.0,400.0,610.0,1132.0,10.0,3.31,Hooked,1.0,1.0,0.62,30.0,36.4,0.47,0.350172215843858,4.355,48.3870967741936,48.3870967741936,48.3870967741936,48.3870967741936,48.3870967741936
